date,symbol,open,close,low,high,volume
2010-01-04,F,10.17,10.28,10.05,10.28,60855800.0
2010-01-05,F,10.45,10.96,10.4,11.24,215620200.0
2010-01-06,F,11.21,11.37,11.13,11.46,200070600.0
2010-01-07,F,11.46,11.66,11.32,11.69,130201700.0
2010-01-08,F,11.67,11.69,11.46,11.74,130463000.0
2010-01-11,F,11.9,12.11,11.78,12.14,170626200.0
2010-01-12,F,11.98,11.87,11.72,12.03,162995900.0
2010-01-13,F,11.91,11.68,11.47,11.93,154527100.0
2010-01-14,F,11.65,11.76,11.51,11.86,116531200.0
2010-01-15,F,11.74,11.6,11.55,11.76,96149800.0
2010-01-19,F,11.51,11.75,11.46,11.83,65934000.0
2010-01-20,F,11.68,11.51,11.5,11.69,71649500.0
2010-01-21,F,11.53,11.18,11.01,11.62,121451400.0
2010-01-22,F,11.01,10.52,10.41,11.12,161530100.0
2010-01-25,F,10.73,11.03,10.61,11.1,121621500.0
2010-01-26,F,11.17,11.19,11.07,11.46,108250500.0
2010-01-27,F,11.57,11.55,11.22,11.62,105091600.0
2010-01-28,F,11.9,11.41,11.27,11.95,203320000.0
2010-01-29,F,11.6,10.84,10.7,11.61,159741200.0
2010-02-01,F,11.14,11.12,10.93,11.18,82748200.0
2010-02-02,F,11.26,11.39,11.19,11.52,119714900.0
2010-02-03,F,11.49,11.64,11.42,11.66,90125500.0
2010-02-04,F,11.49,11.06,11.0,11.53,129792200.0
2010-02-05,F,10.97,10.91,10.49,11.11,181535200.0
2010-02-08,F,11.09,10.97,10.88,11.32,92031400.0
2010-02-09,F,11.18,11.15,11.02,11.22,83207100.0
2010-02-10,F,11.12,10.94,10.9,11.14,73395600.0
2010-02-11,F,11.0,11.18,10.88,11.19,65116200.0
2010-02-12,F,10.92,11.12,10.85,11.18,69465400.0
2010-02-16,F,11.21,11.32,11.11,11.38,62537500.0
2010-02-17,F,11.43,11.49,11.35,11.52,65983200.0
2010-02-18,F,11.41,11.38,11.29,11.48,53406800.0
2010-02-19,F,11.35,11.29,11.26,11.4,46990000.0
2010-02-22,F,11.36,11.21,11.18,11.38,41993100.0
2010-02-23,F,11.18,11.6,11.15,11.63,114688400.0
2010-02-24,F,11.72,11.73,11.65,11.88,84200800.0
2010-02-25,F,11.53,11.78,11.4,11.83,83114500.0
2010-02-26,F,11.83,11.74,11.61,11.85,72368400.0
2010-03-01,F,11.81,12.41,11.75,12.42,142605500.0
2010-03-02,F,12.62,12.22,12.18,12.68,193706600.0
2010-03-03,F,12.46,12.69,12.35,12.83,157004600.0
2010-03-04,F,12.78,12.79,12.52,12.8,89836800.0
2010-03-05,F,12.92,13.0,12.83,13.04,106920600.0
2010-03-08,F,12.94,12.93,12.79,12.96,78903200.0
2010-03-09,F,12.83,12.8,12.73,13.03,83934300.0
2010-03-10,F,12.88,12.82,12.8,12.95,56850600.0
2010-03-11,F,12.79,12.91,12.75,12.97,59274700.0
2010-03-12,F,13.02,13.34,12.98,13.37,104771000.0
2010-03-15,F,13.46,13.4,13.32,13.63,95072200.0
2010-03-16,F,13.49,13.49,13.32,13.51,74692700.0
2010-03-17,F,13.55,14.1,13.55,14.15,137318700.0
2010-03-18,F,14.23,13.73,13.65,14.54,235094400.0
2010-03-19,F,13.29,13.29,13.04,13.92,252411200.0
2010-03-22,F,12.98,13.99,12.81,14.0,170576100.0
2010-03-23,F,14.17,13.9,13.81,14.3,167002400.0
2010-03-24,F,13.77,13.9,13.76,14.05,91765400.0
2010-03-25,F,14.05,13.8,13.76,14.12,88909300.0
2010-03-26,F,13.89,13.86,13.76,13.98,60400400.0
2010-03-29,F,13.7,13.57,13.39,13.88,158225000.0
2010-03-30,F,13.55,13.28,13.18,13.64,142055200.0
2010-03-31,F,12.82,12.57,12.42,12.95,433659100.0
2010-04-01,F,12.84,12.63,12.58,12.95,212952100.0
2010-04-05,F,12.89,12.77,12.76,12.92,88957200.0
2010-04-06,F,12.78,12.7,12.6,12.88,76423800.0
2010-04-07,F,12.69,12.58,12.53,12.82,88112400.0
2010-04-08,F,12.55,12.63,12.34,12.71,77491400.0
2010-04-09,F,12.73,12.72,12.61,12.84,60408600.0
2010-04-12,F,12.72,12.77,12.64,12.81,50783100.0
2010-04-13,F,12.75,12.79,12.71,12.89,71008500.0
2010-04-14,F,12.92,13.35,12.86,13.43,153602100.0
2010-04-15,F,13.42,13.76,13.41,13.88,159110500.0
2010-04-16,F,13.84,13.42,13.3,13.92,149640000.0
2010-04-19,F,13.38,13.6,13.36,13.75,95855100.0
2010-04-20,F,13.72,13.91,13.67,13.94,75630700.0
2010-04-21,F,14.02,14.13,13.92,14.15,120284000.0
2010-04-22,F,14.0,14.2,13.85,14.23,93331100.0
2010-04-23,F,14.22,14.21,14.11,14.39,92002200.0
2010-04-26,F,14.39,14.46,14.28,14.57,123029200.0
2010-04-27,F,14.44,13.57,13.15,14.5,292667400.0
2010-04-28,F,13.39,13.25,12.9,13.45,208023500.0
2010-04-29,F,13.45,13.58,13.38,13.7,110114400.0
2010-04-30,F,13.64,13.02,12.96,13.73,146322900.0
2010-05-03,F,13.18,13.3,13.18,13.49,106416800.0
2010-05-04,F,13.07,12.85,12.75,13.08,123207400.0
2010-05-05,F,12.32,12.34,11.59,12.7,198525600.0
2010-05-06,F,12.17,11.78,10.59,12.51,237094700.0
2010-05-07,F,11.95,11.51,10.95,11.97,261066500.0
2010-05-10,F,12.54,12.15,12.02,12.56,134388700.0
2010-05-11,F,11.99,12.31,11.85,12.56,125738800.0
2010-05-12,F,12.57,12.68,12.49,12.71,102657000.0
2010-05-13,F,12.87,12.42,12.32,12.87,100156000.0
2010-05-14,F,12.25,12.11,11.87,12.35,105856000.0
2010-05-17,F,12.08,11.95,11.49,12.18,108686700.0
2010-05-18,F,12.15,11.55,11.45,12.18,101309100.0
2010-05-19,F,11.3,11.55,11.11,11.66,132864400.0
2010-05-20,F,11.04,10.8,10.76,11.3,156449200.0
2010-05-21,F,10.25,11.26,10.17,11.3,174455100.0
2010-05-24,F,11.29,11.01,11.01,11.44,90998300.0
2010-05-25,F,10.47,11.02,10.42,11.05,137858600.0
2010-05-26,F,11.45,11.39,11.35,11.82,146872000.0
2010-05-27,F,11.85,11.99,11.66,12.0,90700800.0
2010-05-28,F,12.05,11.73,11.62,12.08,78823400.0
2010-06-01,F,11.5,11.41,11.38,11.88,80977300.0
2010-06-02,F,11.66,11.85,11.45,11.87,87265300.0
2010-06-03,F,12.01,11.96,11.81,12.15,79568700.0
2010-06-04,F,11.69,11.5,11.39,11.88,83480900.0
2010-06-07,F,11.45,11.09,11.06,11.5,76229000.0
2010-06-08,F,11.14,11.22,10.89,11.37,81494400.0
2010-06-09,F,11.36,11.05,11.0,11.4,74947600.0
2010-06-10,F,11.21,11.39,11.1,11.4,64799500.0
2010-06-11,F,11.23,11.4,11.21,11.47,50280600.0
2010-06-14,F,11.48,11.46,11.4,11.72,58144500.0
2010-06-15,F,11.55,11.7,11.52,11.76,51790900.0
2010-06-16,F,11.65,11.63,11.5,11.77,61954100.0
2010-06-17,F,11.69,11.48,11.33,11.69,69430100.0
2010-06-18,F,11.56,11.46,11.4,11.62,55417700.0
2010-06-21,F,11.68,11.53,11.5,11.8,67814300.0
2010-06-22,F,11.54,11.22,11.18,11.6,73509000.0
2010-06-23,F,11.23,11.03,11.0,11.28,83134400.0
2010-06-24,F,10.99,10.78,10.64,11.03,74449200.0
2010-06-25,F,10.75,10.75,10.42,10.77,148168400.0
2010-06-28,F,10.72,10.43,10.43,10.76,57994700.0
2010-06-29,F,10.12,9.88,9.75,10.14,124866100.0
2010-06-30,F,10.1,10.08,10.04,10.52,182831300.0
2010-07-01,F,10.23,10.57,10.02,10.63,153383000.0
2010-07-02,F,10.58,10.28,10.15,10.63,71607100.0
2010-07-06,F,10.42,10.16,10.04,10.57,81246900.0
2010-07-07,F,10.21,10.59,10.17,10.63,72565300.0
2010-07-08,F,10.72,10.62,10.45,10.83,62355500.0
2010-07-09,F,10.58,10.85,10.54,10.94,50732700.0
2010-07-12,F,10.84,11.1,10.83,11.13,56354100.0
2010-07-13,F,11.47,11.66,11.26,11.81,103923200.0
2010-07-14,F,11.62,11.81,11.54,11.92,68051400.0
2010-07-15,F,11.86,11.86,11.51,11.9,66020400.0
2010-07-16,F,11.75,11.34,11.3,11.78,68905500.0
2010-07-19,F,11.44,11.48,11.23,11.57,49910000.0
2010-07-20,F,11.3,11.75,11.25,11.76,53134900.0
2010-07-21,F,11.82,11.55,11.43,11.88,67645100.0
2010-07-22,F,11.76,12.09,11.75,12.22,102031500.0
2010-07-23,F,12.55,12.72,12.35,12.75,161608200.0
2010-07-26,F,12.82,12.94,12.75,13.15,125770900.0
2010-07-27,F,13.16,13.03,12.85,13.18,97305400.0
2010-07-28,F,12.99,12.91,12.86,13.08,59746700.0
2010-07-29,F,13.03,12.97,12.72,13.11,88510100.0
2010-07-30,F,12.81,12.77,12.58,13.01,79512400.0
2010-08-02,F,13.06,13.16,12.94,13.2,77124700.0
2010-08-03,F,13.08,12.91,12.77,13.24,115202600.0
2010-08-04,F,13.0,13.11,12.95,13.21,60875000.0
2010-08-05,F,13.05,12.98,12.9,13.05,51574800.0
2010-08-06,F,12.83,13.04,12.8,13.05,54704600.0
2010-08-09,F,13.12,13.05,12.92,13.12,39072000.0
2010-08-10,F,12.94,12.92,12.8,13.03,50265100.0
2010-08-11,F,12.65,12.41,12.33,12.67,68132100.0
2010-08-12,F,12.03,12.27,11.9,12.39,68017900.0
2010-08-13,F,12.25,12.15,12.13,12.37,41635500.0
2010-08-16,F,11.96,11.99,11.88,12.15,59316100.0
2010-08-17,F,12.2,12.16,12.06,12.38,61043500.0
2010-08-18,F,12.17,12.2,11.8,12.29,54218100.0
2010-08-19,F,12.13,11.89,11.83,12.2,61059000.0
2010-08-20,F,11.85,11.77,11.6,11.9,50806600.0
2010-08-23,F,11.84,11.61,11.6,11.9,42449600.0
2010-08-24,F,11.28,11.24,11.09,11.49,86299200.0
2010-08-25,F,11.04,11.32,10.95,11.4,78571900.0
2010-08-26,F,11.4,11.17,11.14,11.56,56953100.0
2010-08-27,F,11.26,11.56,11.05,11.72,63565200.0
2010-08-30,F,11.58,11.35,11.35,11.68,33651500.0
2010-08-31,F,11.27,11.29,11.13,11.46,64984700.0
2010-09-01,F,11.53,11.61,11.46,11.89,81988800.0
2010-09-02,F,11.68,11.71,11.57,11.83,39943600.0
2010-09-03,F,11.88,12.07,11.84,12.14,65243900.0
2010-09-07,F,12.01,11.8,11.78,12.07,42497600.0
2010-09-08,F,11.81,11.8,11.7,11.95,40798700.0
2010-09-09,F,11.96,11.75,11.64,12.04,48528500.0
2010-09-10,F,11.81,11.79,11.75,11.99,37849800.0
2010-09-13,F,11.93,11.99,11.84,12.0,36689700.0
2010-09-14,F,11.96,11.98,11.89,12.05,39772300.0
2010-09-15,F,11.93,11.87,11.76,11.96,54102700.0
2010-09-16,F,12.12,12.44,12.1,12.53,141408500.0
2010-09-17,F,12.53,12.49,12.34,12.54,68954600.0
2010-09-20,F,12.55,12.57,12.38,12.6,49812800.0
2010-09-21,F,12.53,12.55,12.51,12.75,59130900.0
2010-09-22,F,12.43,12.38,12.29,12.54,53139300.0
2010-09-23,F,12.26,12.31,12.15,12.45,46866400.0
2010-09-24,F,12.42,12.56,12.39,12.57,42647800.0
2010-09-27,F,12.57,12.48,12.46,12.6,28799700.0
2010-09-28,F,12.48,12.52,12.27,12.53,42671500.0
2010-09-29,F,12.45,12.33,12.28,12.5,45211800.0
2010-09-30,F,12.44,12.24,12.2,12.46,42679600.0
2010-10-01,F,12.24,12.26,12.12,12.41,54565500.0
2010-10-04,F,12.57,12.84,12.53,12.92,95949200.0
2010-10-05,F,13.0,13.01,12.92,13.07,74701900.0
2010-10-06,F,13.06,13.24,13.04,13.45,92326000.0
2010-10-07,F,13.32,13.32,13.19,13.38,53526700.0
2010-10-08,F,13.3,13.66,13.28,13.72,71857700.0
2010-10-11,F,13.72,13.78,13.68,13.9,48002800.0
2010-10-12,F,13.71,13.78,13.51,13.85,50056400.0
2010-10-13,F,13.9,13.64,13.64,13.91,59061900.0
2010-10-14,F,13.88,13.91,13.78,14.01,78814100.0
2010-10-15,F,14.0,13.8,13.61,14.04,61337700.0
2010-10-18,F,13.75,13.88,13.64,13.9,34852700.0
2010-10-19,F,13.63,13.32,13.18,13.64,84614000.0
2010-10-20,F,13.45,13.64,13.35,13.73,60800200.0
2010-10-21,F,13.78,13.81,13.66,14.16,85365000.0
2010-10-22,F,13.86,13.95,13.83,14.01,38003100.0
2010-10-25,F,14.05,14.15,14.01,14.2,77370800.0
2010-10-26,F,13.97,14.36,13.92,14.47,214814400.0
2010-10-27,F,14.34,14.23,14.09,14.35,81025700.0
2010-10-28,F,14.29,14.22,14.06,14.32,51719400.0
2010-10-29,F,14.18,14.13,14.1,14.23,52281900.0
2010-11-01,F,14.32,14.23,14.16,14.37,56606000.0
2010-11-02,F,14.32,14.43,14.22,14.46,54691100.0
2010-11-03,F,14.48,15.18,14.44,15.2,185667300.0
2010-11-04,F,15.51,15.86,15.4,15.98,193232000.0
2010-11-05,F,15.98,16.209999,15.81,16.26,141539900.0
2010-11-08,F,16.360001,16.41,16.059999,16.49,127386000.0
2010-11-09,F,16.530001,16.07,15.88,16.58,133717300.0
2010-11-10,F,16.32,16.629999,16.08,16.709999,139738200.0
2010-11-11,F,16.540001,16.610001,16.200001,16.66,94746200.0
2010-11-12,F,16.459999,16.299999,16.040001,16.530001,91657100.0
2010-11-15,F,16.809999,17.0,16.68,17.41,233268400.0
2010-11-16,F,17.190001,16.51,16.360001,17.42,234481200.0
2010-11-17,F,16.76,16.68,16.52,16.9,127748600.0
2010-11-18,F,16.77,16.120001,16.049999,16.870001,256937900.0
2010-11-19,F,16.02,16.280001,15.83,16.379999,130323600.0
2010-11-22,F,16.26,16.200001,16.110001,16.540001,91288900.0
2010-11-23,F,16.01,15.7,15.62,16.16,96689100.0
2010-11-24,F,15.95,15.95,15.81,16.059999,66727700.0
2010-11-26,F,15.81,16.1,15.75,16.18,31557200.0
2010-11-29,F,16.120001,16.059999,15.86,16.120001,61577500.0
2010-11-30,F,15.92,15.94,15.83,15.99,71737400.0
2010-12-01,F,16.24,16.459999,16.139999,16.5,100724400.0
2010-12-02,F,16.719999,16.780001,16.629999,16.860001,82484500.0
2010-12-03,F,16.629999,16.799999,16.6,16.83,67399500.0
2010-12-06,F,16.66,16.65,16.52,16.780001,57290300.0
2010-12-07,F,16.91,16.559999,16.549999,16.92,64104300.0
2010-12-08,F,16.66,16.690001,16.35,16.73,106700000.0
2010-12-09,F,16.82,16.76,16.66,16.85,47280900.0
2010-12-10,F,16.68,16.73,16.65,16.77,38196000.0
2010-12-13,F,16.65,16.469999,16.469999,16.719999,53899700.0
2010-12-14,F,16.5,16.42,16.389999,16.58,43070000.0
2010-12-15,F,16.370001,16.549999,16.35,16.66,44901200.0
2010-12-16,F,16.52,16.77,16.440001,16.77,49567600.0
2010-12-17,F,16.76,16.799999,16.68,16.85,51948100.0
2010-12-20,F,16.85,16.85,16.629999,16.9,41880000.0
2010-12-21,F,16.889999,16.99,16.84,17.0,35604000.0
2010-12-22,F,17.0,16.99,16.85,17.030001,31602700.0
2010-12-23,F,16.9,16.780001,16.75,16.93,25730100.0
2010-12-27,F,16.719999,16.870001,16.6,16.870001,27703900.0
2010-12-28,F,16.83,16.73,16.65,16.85,28413200.0
2010-12-29,F,16.67,16.74,16.65,16.799999,25556700.0
2010-12-30,F,16.719999,16.690001,16.65,16.85,24055100.0
2010-12-31,F,16.65,16.790001,16.610001,16.83,22417600.0
2011-01-03,F,17.02,17.25,17.0,17.309999,70794200.0
2011-01-04,F,17.389999,17.379999,16.959999,17.66,106477200.0
2011-01-05,F,17.309999,17.889999,17.219999,18.09,112378000.0
2011-01-06,F,18.030001,18.219999,17.950001,18.290001,96284400.0
2011-01-07,F,18.42,18.27,18.08,18.42,99029500.0
2011-01-10,F,18.43,18.309999,18.16,18.49,65348400.0
2011-01-11,F,18.48,18.280001,18.129999,18.49,61312500.0
2011-01-12,F,18.360001,18.709999,18.290001,18.75,66841400.0
2011-01-13,F,18.809999,18.68,18.549999,18.969999,100459700.0
2011-01-14,F,18.610001,18.65,18.58,18.75,50279400.0
2011-01-18,F,18.66,18.700001,18.610001,18.77,39737500.0
2011-01-19,F,18.709999,17.9,17.77,18.719999,89216500.0
2011-01-20,F,17.77,17.780001,17.35,18.0,93501600.0
2011-01-21,F,17.99,17.950001,17.870001,18.110001,48717700.0
2011-01-24,F,18.030001,17.93,17.75,18.030001,51698600.0
2011-01-25,F,17.860001,17.889999,17.66,18.02,47155800.0
2011-01-26,F,17.969999,18.370001,17.9,18.43,66834100.0
2011-01-27,F,18.52,18.790001,18.33,18.879999,67711700.0
2011-01-28,F,17.790001,16.27,15.98,17.879999,480879500.0
2011-01-31,F,16.559999,15.95,15.45,16.639999,275198200.0
2011-02-01,F,16.139999,15.89,15.85,16.24,178894300.0
2011-02-02,F,15.91,15.4,15.31,15.98,187008500.0
2011-02-03,F,15.38,15.76,15.1,15.78,153131300.0
2011-02-04,F,15.91,15.72,15.64,15.95,79198700.0
2011-02-07,F,15.84,16.110001,15.8,16.360001,118132900.0
2011-02-08,F,16.17,16.24,16.02,16.26,59674500.0
2011-02-09,F,16.129999,16.09,16.02,16.299999,61896700.0
2011-02-10,F,15.99,15.95,15.9,16.110001,65334900.0
2011-02-11,F,16.059999,16.379999,15.99,16.51,94736400.0
2011-02-14,F,16.379999,16.09,16.02,16.389999,69632700.0
2011-02-15,F,16.030001,16.1,15.95,16.16,51612800.0
2011-02-16,F,16.16,16.049999,16.0,16.18,59843600.0
2011-02-17,F,16.01,15.97,15.83,16.030001,53727600.0
2011-02-18,F,15.95,15.77,15.7,15.99,68774000.0
2011-02-22,F,15.36,15.23,15.08,15.52,97449900.0
2011-02-23,F,15.02,14.86,14.49,15.04,159528600.0
2011-02-24,F,14.57,14.7,14.5,14.99,120277400.0
2011-02-25,F,14.94,15.07,14.85,15.11,78341600.0
2011-02-28,F,15.29,15.05,14.89,15.29,54120000.0
2011-03-01,F,15.1,14.66,14.6,15.12,74337200.0
2011-03-02,F,14.66,14.66,14.62,14.89,67127000.0
2011-03-03,F,14.9,14.76,14.66,14.95,66720400.0
2011-03-04,F,14.79,14.42,14.28,14.79,81593400.0
2011-03-07,F,14.34,14.01,13.98,14.42,105389900.0
2011-03-08,F,14.02,14.47,14.01,14.55,106699200.0
2011-03-09,F,14.59,14.29,14.25,14.6,68046300.0
2011-03-10,F,14.1,14.06,14.01,14.28,107127400.0
2011-03-11,F,13.9,14.36,13.87,14.46,72249100.0
2011-03-14,F,14.47,14.3,14.2,14.64,65056100.0
2011-03-15,F,13.8,14.67,13.75,14.8,108919700.0
2011-03-16,F,14.73,14.18,13.89,14.79,127862700.0
2011-03-17,F,14.56,14.26,14.18,14.58,78683000.0
2011-03-18,F,14.58,14.49,14.43,14.67,64541000.0
2011-03-21,F,14.7,14.59,14.48,14.72,46486600.0
2011-03-22,F,14.52,14.34,14.32,14.57,44731700.0
2011-03-23,F,14.26,14.31,14.02,14.45,64431300.0
2011-03-24,F,14.4,15.04,14.39,15.12,128201100.0
2011-03-25,F,15.2,15.01,14.9,15.2,58954600.0
2011-03-28,F,14.99,14.86,14.83,15.09,41259800.0
2011-03-29,F,14.83,14.84,14.73,14.94,33301800.0
2011-03-30,F,14.88,14.86,14.74,14.97,40889600.0
2011-03-31,F,14.82,14.91,14.71,14.95,41909100.0
2011-04-01,F,15.03,15.16,14.92,15.42,116247300.0
2011-04-04,F,15.39,15.55,15.39,15.74,99116600.0
2011-04-05,F,15.65,15.79,15.55,15.81,72322800.0
2011-04-06,F,15.91,15.73,15.61,15.98,62315800.0
2011-04-07,F,15.71,15.53,15.45,15.82,51295100.0
2011-04-08,F,15.65,15.33,15.16,15.68,51126100.0
2011-04-11,F,15.27,14.86,14.74,15.4,85626200.0
2011-04-12,F,14.59,14.91,14.5,15.0,82591000.0
2011-04-13,F,15.04,14.98,14.8,15.05,58736600.0
2011-04-14,F,14.74,14.81,14.61,14.85,62357700.0
2011-04-15,F,14.86,14.71,14.61,14.91,47434700.0
2011-04-18,F,14.51,14.62,14.49,14.74,49822500.0
2011-04-19,F,14.65,14.66,14.54,14.79,33575500.0
2011-04-20,F,14.95,15.09,14.84,15.2,70978900.0
2011-04-21,F,15.23,15.43,15.1,15.45,53181900.0
2011-04-25,F,15.51,15.54,15.35,15.59,54775800.0
2011-04-26,F,16.040001,15.66,15.66,16.18,166900000.0
2011-04-27,F,15.85,15.58,15.42,15.87,84380600.0
2011-04-28,F,15.47,15.5,15.42,15.7,48145500.0
2011-04-29,F,15.49,15.47,15.4,15.68,40203200.0
2011-05-02,F,15.52,15.45,15.41,15.69,42185500.0
2011-05-03,F,15.42,15.38,15.26,15.56,68659100.0
2011-05-04,F,15.42,15.15,14.97,15.45,71753400.0
2011-05-05,F,14.97,15.08,14.88,15.3,62502900.0
2011-05-06,F,15.26,15.11,15.08,15.37,58371200.0
2011-05-09,F,15.12,15.08,15.02,15.2,33369700.0
2011-05-10,F,15.13,15.15,15.08,15.2,36633400.0
2011-05-11,F,15.11,15.15,15.06,15.35,54989600.0
2011-05-12,F,15.14,15.26,15.12,15.34,48775700.0
2011-05-13,F,15.22,15.08,15.03,15.3,43317100.0
2011-05-16,F,15.21,15.13,15.1,15.32,51778600.0
2011-05-17,F,15.06,14.97,14.82,15.18,65261100.0
2011-05-18,F,15.01,15.12,14.87,15.16,41278000.0
2011-05-19,F,15.1,15.12,15.01,15.17,38684200.0
2011-05-20,F,15.05,15.0,14.97,15.11,39285300.0
2011-05-23,F,14.71,14.8,14.65,14.93,49529300.0
2011-05-24,F,14.84,14.66,14.56,14.85,48890300.0
2011-05-25,F,14.54,14.58,14.35,14.66,93969200.0
2011-05-26,F,14.51,14.56,14.4,14.6,45961100.0
2011-05-27,F,14.55,14.6,14.46,14.64,35654200.0
2011-05-31,F,14.75,14.92,14.64,14.92,66438900.0
2011-06-01,F,14.78,14.23,14.2,14.9,91509400.0
2011-06-02,F,14.26,14.18,14.09,14.37,58588100.0
2011-06-03,F,13.88,14.01,13.81,14.22,57295900.0
2011-06-06,F,13.99,13.91,13.86,14.12,54183600.0
2011-06-07,F,14.17,13.95,13.94,14.19,73208000.0
2011-06-08,F,13.96,13.7,13.65,14.01,77161700.0
2011-06-09,F,13.74,13.8,13.58,13.87,55365400.0
2011-06-10,F,13.68,13.35,13.33,13.74,96684000.0
2011-06-13,F,13.14,13.14,12.78,13.26,110748300.0
2011-06-14,F,13.29,13.43,13.25,13.56,61363200.0
2011-06-15,F,13.3,13.15,13.05,13.36,88736600.0
2011-06-16,F,13.05,12.83,12.68,13.18,91842200.0
2011-06-17,F,12.94,12.77,12.68,12.95,75778900.0
2011-06-20,F,12.66,12.94,12.65,13.03,51392800.0
2011-06-21,F,13.08,13.32,13.04,13.53,72508100.0
2011-06-22,F,13.39,13.36,13.33,13.5,42578600.0
2011-06-23,F,13.12,13.47,13.06,13.5,59361900.0
2011-06-24,F,13.52,13.24,13.14,13.6,82743600.0
2011-06-27,F,13.35,13.46,13.09,13.55,50005900.0
2011-06-28,F,13.55,13.33,13.25,13.55,54013200.0
2011-06-29,F,13.41,13.42,13.32,13.51,54105500.0
2011-06-30,F,13.46,13.79,13.36,13.97,74076900.0
2011-07-01,F,13.92,14.02,13.73,14.13,66304800.0
2011-07-05,F,14.07,14.1,13.91,14.18,47019400.0
2011-07-06,F,14.13,13.96,13.89,14.13,46233600.0
2011-07-07,F,14.13,14.12,13.9,14.22,66182800.0
2011-07-08,F,13.86,13.88,13.61,13.9,68539000.0
2011-07-11,F,13.64,13.32,13.26,13.69,61376200.0
2011-07-12,F,13.13,13.12,13.12,13.38,57768900.0
2011-07-13,F,13.3,13.27,13.23,13.43,44328200.0
2011-07-14,F,13.33,13.09,13.04,13.4,45989000.0
2011-07-15,F,13.14,13.09,13.0,13.2,41208600.0
2011-07-18,F,13.02,12.9,12.63,13.06,66084800.0
2011-07-19,F,13.0,13.09,12.86,13.18,53892600.0
2011-07-20,F,13.19,13.08,12.92,13.19,33450700.0
2011-07-21,F,13.16,13.28,13.08,13.32,43705600.0
2011-07-22,F,13.29,13.31,13.15,13.34,26480600.0
2011-07-25,F,13.04,13.17,13.01,13.24,45334300.0
2011-07-26,F,13.3,12.94,12.85,13.44,109165800.0
2011-07-27,F,12.8,12.37,12.3,12.85,113808600.0
2011-07-28,F,12.4,12.32,12.3,12.65,69884600.0
2011-07-29,F,12.11,12.21,12.0,12.42,68621600.0
2011-08-01,F,12.75,12.35,12.21,12.81,73771800.0
2011-08-02,F,12.28,11.85,11.82,12.35,97171100.0
2011-08-03,F,11.92,11.65,11.36,11.92,127291500.0
2011-08-04,F,11.49,10.86,10.77,11.51,153368800.0
2011-08-05,F,11.05,10.84,10.32,11.23,139254200.0
2011-08-08,F,10.02,9.93,9.87,10.42,202155900.0
2011-08-09,F,10.5,10.91,10.13,10.95,177330900.0
2011-08-10,F,10.82,10.41,10.32,10.87,119877300.0
2011-08-11,F,10.48,10.94,10.43,11.12,114926800.0
2011-08-12,F,11.29,11.06,11.0,11.31,79279300.0
2011-08-15,F,11.29,11.35,11.17,11.37,46283800.0
2011-08-16,F,11.23,11.22,11.05,11.45,53398200.0
2011-08-17,F,11.34,11.11,10.92,11.4,52262000.0
2011-08-18,F,10.67,10.38,10.22,10.7,87073500.0
2011-08-19,F,10.05,9.99,9.9,10.45,87207200.0
2011-08-22,F,10.39,10.01,9.81,10.39,73424500.0
2011-08-23,F,10.16,10.31,10.01,10.32,52107600.0
2011-08-24,F,10.31,10.45,10.13,10.46,53035500.0
2011-08-25,F,10.53,10.28,10.22,10.72,50166000.0
2011-08-26,F,10.18,10.4,10.06,10.53,59398700.0
2011-08-29,F,10.64,10.93,10.61,10.95,48857900.0
2011-08-30,F,10.87,10.87,10.64,10.96,50345100.0
2011-08-31,F,11.03,11.12,10.98,11.3,69283600.0
2011-09-01,F,11.14,10.85,10.81,11.27,64031000.0
2011-09-02,F,10.53,10.42,10.26,10.68,62021000.0
2011-09-06,F,10.02,10.22,10.0,10.27,65558100.0
2011-09-07,F,10.44,10.56,10.32,10.58,45052800.0
2011-09-08,F,10.49,10.34,10.27,10.64,45105500.0
2011-09-09,F,10.11,10.05,9.98,10.29,69911300.0
2011-09-12,F,9.86,10.11,9.85,10.14,58352000.0
2011-09-13,F,10.16,10.17,10.0,10.23,44205300.0
2011-09-14,F,10.25,10.32,10.04,10.5,70810200.0
2011-09-15,F,10.45,10.63,10.32,10.64,53843200.0
2011-09-16,F,10.62,10.62,10.36,10.69,46858900.0
2011-09-19,F,10.34,10.54,10.3,10.62,41663900.0
2011-09-20,F,10.61,10.42,10.41,10.65,37706900.0
2011-09-21,F,10.4,9.97,9.97,10.51,62227400.0
2011-09-22,F,9.79,9.62,9.43,10.14,115851100.0
2011-09-23,F,9.46,9.86,9.32,9.98,70702600.0
2011-09-26,F,9.96,10.08,9.7,10.09,54424800.0
2011-09-27,F,10.32,10.12,10.09,10.35,65062200.0
2011-09-28,F,10.18,9.93,9.9,10.22,43567700.0
2011-09-29,F,10.14,10.0,9.75,10.15,52634800.0
2011-09-30,F,9.89,9.67,9.65,10.01,56697200.0
2011-10-03,F,9.66,9.37,9.36,9.92,72828100.0
2011-10-04,F,9.22,10.08,9.05,10.13,103900000.0
2011-10-05,F,10.07,10.56,9.83,10.59,96318100.0
2011-10-06,F,10.61,10.99,10.56,11.0,86277500.0
2011-10-07,F,11.04,10.69,10.63,11.2,87812400.0
2011-10-10,F,10.93,11.21,10.9,11.23,57668200.0
2011-10-11,F,11.17,11.24,11.02,11.29,61332000.0
2011-10-12,F,11.4,11.38,11.38,11.8,82907500.0
2011-10-13,F,11.39,11.34,11.04,11.46,60021300.0
2011-10-14,F,11.58,11.56,11.34,11.67,54535700.0
2011-10-17,F,11.71,11.4,11.32,11.76,53715600.0
2011-10-18,F,11.41,11.78,11.27,11.93,66804200.0
2011-10-19,F,11.77,11.56,11.46,11.92,69510100.0
2011-10-20,F,11.66,11.7,11.47,11.75,62145700.0
2011-10-21,F,11.86,12.26,11.84,12.32,86636000.0
2011-10-24,F,12.31,12.51,12.3,12.65,68986900.0
2011-10-25,F,12.58,12.43,12.14,12.59,77049100.0
2011-10-26,F,12.09,11.87,11.54,12.2,159678600.0
2011-10-27,F,12.29,12.08,11.71,12.29,132526600.0
2011-10-28,F,11.97,12.0,11.86,12.07,60363200.0
2011-10-31,F,11.8,11.68,11.68,11.91,41740400.0
2011-11-01,F,11.33,11.08,11.03,11.39,108235700.0
2011-11-02,F,11.26,11.15,11.04,11.28,52759200.0
2011-11-03,F,11.29,11.32,11.02,11.39,57802200.0
2011-11-04,F,11.28,11.27,11.12,11.39,43133100.0
2011-11-07,F,11.2,11.22,11.06,11.3,39924300.0
2011-11-08,F,11.27,11.61,11.18,11.68,60893400.0
2011-11-09,F,11.2,11.04,10.98,11.38,72026000.0
2011-11-10,F,11.17,10.99,10.9,11.19,50555200.0
2011-11-11,F,11.15,11.14,11.05,11.18,32872400.0
2011-11-14,F,11.12,11.02,10.98,11.17,30530100.0
2011-11-15,F,10.93,10.87,10.82,11.0,43972900.0
2011-11-16,F,10.8,10.56,10.5,10.82,49001300.0
2011-11-17,F,10.54,10.17,10.07,10.56,69670700.0
2011-11-18,F,10.28,10.1,10.07,10.3,44422000.0
2011-11-21,F,9.99,10.05,9.8,10.12,60890100.0
2011-11-22,F,10.02,10.09,9.9,10.15,43750700.0
2011-11-23,F,9.97,9.83,9.83,10.04,44958400.0
2011-11-25,F,9.81,9.75,9.75,9.95,20118500.0
2011-11-28,F,10.15,10.0,9.9,10.19,57953300.0
2011-11-29,F,10.03,9.99,9.92,10.13,40443800.0
2011-11-30,F,10.33,10.6,10.17,10.6,66922300.0
2011-12-01,F,10.51,10.59,10.41,10.81,61397000.0
2011-12-02,F,10.79,10.9,10.75,11.1,67252600.0
2011-12-05,F,11.16,11.11,11.02,11.42,65924700.0
2011-12-06,F,11.1,11.05,11.0,11.19,39786100.0
2011-12-07,F,11.0,11.08,10.88,11.15,45168800.0
2011-12-08,F,10.96,10.75,9.84,11.11,82552300.0
2011-12-09,F,10.94,11.03,10.87,11.11,48326600.0
2011-12-12,F,10.87,10.85,10.68,10.89,40777500.0
2011-12-13,F,10.92,10.48,10.36,11.04,67905600.0
2011-12-14,F,10.33,10.15,10.1,10.41,53224300.0
2011-12-15,F,10.31,10.25,10.19,10.42,46636200.0
2011-12-16,F,10.32,10.25,10.16,10.4,45962300.0
2011-12-19,F,10.25,10.02,9.99,10.39,45068200.0
2011-12-20,F,10.21,10.33,10.18,10.38,45235100.0
2011-12-21,F,10.38,10.66,10.33,10.74,56203100.0
2011-12-22,F,10.78,10.94,10.66,10.98,43983100.0
2011-12-23,F,10.99,10.95,10.79,11.0,26953000.0
2011-12-27,F,10.87,10.81,10.76,10.98,25444800.0
2011-12-28,F,10.82,10.52,10.43,10.84,33445100.0
2011-12-29,F,10.56,10.68,10.5,10.75,34317000.0
2011-12-30,F,10.64,10.76,10.6,10.79,26815800.0
2012-01-03,F,11.0,11.13,10.99,11.25,45709900.0
2012-01-04,F,11.15,11.3,11.07,11.53,79725200.0
2012-01-05,F,11.33,11.59,11.24,11.63,67877500.0
2012-01-06,F,11.74,11.71,11.52,11.8,59840700.0
2012-01-09,F,11.83,11.8,11.7,11.95,53981500.0
2012-01-10,F,12.0,11.8,11.63,12.05,121750600.0
2012-01-11,F,11.74,12.07,11.65,12.18,63806000.0
2012-01-12,F,12.16,12.14,11.89,12.18,48687700.0
2012-01-13,F,12.01,12.04,11.84,12.08,46366700.0
2012-01-17,F,12.2,12.02,11.96,12.26,44398400.0
2012-01-18,F,12.03,12.34,12.0,12.37,47102700.0
2012-01-19,F,12.48,12.61,12.43,12.72,70894200.0
2012-01-20,F,12.55,12.59,12.45,12.64,43705700.0
2012-01-23,F,12.69,12.66,12.55,12.84,49379700.0
2012-01-24,F,12.56,12.82,12.46,12.86,45768400.0
2012-01-25,F,12.8,12.93,12.7,12.98,54021600.0
2012-01-26,F,13.03,12.79,12.66,13.05,75470700.0
2012-01-27,F,11.96,12.21,11.79,12.53,142155300.0
2012-01-30,F,12.06,12.29,12.0,12.44,57752600.0
2012-01-31,F,12.47,12.42,12.2,12.51,46412100.0
2012-02-01,F,12.73,12.33,12.29,12.75,71669000.0
2012-02-02,F,12.4,12.26,12.2,12.43,48347600.0
2012-02-03,F,12.47,12.79,12.39,12.84,78851200.0
2012-02-06,F,12.85,12.96,12.71,13.0,46363300.0
2012-02-07,F,12.93,12.88,12.83,12.97,39413500.0
2012-02-08,F,12.91,12.84,12.8,12.96,35352500.0
2012-02-09,F,12.89,12.69,12.67,12.9,52290500.0
2012-02-10,F,12.52,12.44,12.37,12.66,52505500.0
2012-02-13,F,12.74,12.54,12.51,12.74,34474400.0
2012-02-14,F,12.46,12.48,12.34,12.58,39627900.0
2012-02-15,F,12.47,12.38,12.33,12.57,38174800.0
2012-02-16,F,12.38,12.74,12.38,12.77,49164400.0
2012-02-17,F,12.84,12.75,12.71,12.88,30778000.0
2012-02-21,F,12.74,12.53,12.46,12.76,38409800.0
2012-02-22,F,12.49,12.28,12.22,12.51,43326000.0
2012-02-23,F,12.27,12.4,12.16,12.44,36747600.0
2012-02-24,F,12.43,12.23,12.19,12.46,31399300.0
2012-02-27,F,12.11,12.3,11.99,12.36,38703400.0
2012-02-28,F,12.34,12.25,12.2,12.35,30789000.0
2012-02-29,F,12.28,12.38,12.25,12.55,62093700.0
2012-03-01,F,12.48,12.66,12.45,12.77,68262000.0
2012-03-02,F,12.74,12.72,12.68,12.94,49063500.0
2012-03-05,F,12.67,12.46,12.41,12.68,28433700.0
2012-03-06,F,12.23,12.09,12.0,12.25,57374500.0
2012-03-07,F,12.21,12.24,12.15,12.3,28440900.0
2012-03-08,F,12.41,12.46,12.32,12.55,37099100.0
2012-03-09,F,12.53,12.58,12.48,12.73,36159300.0
2012-03-12,F,12.57,12.43,12.37,12.59,30275700.0
2012-03-13,F,12.48,12.7,12.4,12.72,42783600.0
2012-03-14,F,12.64,12.88,12.63,12.9,47578500.0
2012-03-15,F,12.9,12.9,12.83,13.04,55286600.0
2012-03-16,F,12.86,12.51,12.51,12.9,77119600.0
2012-03-19,F,12.52,12.63,12.48,12.68,52445700.0
2012-03-20,F,12.48,12.54,12.39,12.61,40214400.0
2012-03-21,F,12.59,12.57,12.55,12.67,27521400.0
2012-03-22,F,12.48,12.32,12.24,12.54,50117100.0
2012-03-23,F,12.31,12.32,12.18,12.37,44755000.0
2012-03-26,F,12.45,12.48,12.39,12.5,26692200.0
2012-03-27,F,12.51,12.32,12.3,12.61,35070700.0
2012-03-28,F,12.35,12.32,12.18,12.36,41051700.0
2012-03-29,F,12.33,12.5,12.24,12.52,51039700.0
2012-03-30,F,12.55,12.48,12.4,12.58,36381000.0
2012-04-02,F,12.5,12.62,12.44,12.65,43966900.0
2012-04-03,F,12.71,12.64,12.46,12.95,97034200.0
2012-04-04,F,12.46,12.51,12.32,12.52,51505000.0
2012-04-05,F,12.38,12.47,12.38,12.58,37939500.0
2012-04-09,F,12.26,12.22,12.11,12.29,42515300.0
2012-04-10,F,12.19,11.79,11.65,12.28,77370300.0
2012-04-11,F,11.99,11.91,11.88,12.02,34724400.0
2012-04-12,F,11.94,12.07,11.86,12.13,26988800.0
2012-04-13,F,11.98,11.92,11.84,12.03,39675000.0
2012-04-16,F,12.01,11.88,11.83,12.05,31903500.0
2012-04-17,F,11.98,11.91,11.88,12.0,35981200.0
2012-04-18,F,11.81,11.79,11.72,11.85,32314000.0
2012-04-19,F,11.81,11.66,11.58,11.88,48169200.0
2012-04-20,F,11.71,11.41,11.39,11.72,52631000.0
2012-04-23,F,11.15,11.35,11.15,11.4,31269200.0
2012-04-24,F,11.61,11.39,11.36,11.61,38615200.0
2012-04-25,F,11.51,11.73,11.43,11.75,45185400.0
2012-04-26,F,11.71,11.87,11.67,11.93,40889300.0
2012-04-27,F,12.03,11.6,11.52,12.04,83070300.0
2012-04-30,F,11.42,11.28,11.15,11.47,46156300.0
2012-05-01,F,11.25,11.23,11.11,11.34,43959200.0
2012-05-02,F,11.16,11.1,11.0,11.17,48572900.0
2012-05-03,F,11.13,10.92,10.85,11.15,40238400.0
2012-05-04,F,10.84,10.67,10.63,10.87,53268400.0
2012-05-07,F,10.53,10.66,10.52,10.79,33235200.0
2012-05-08,F,10.6,10.61,10.4,10.64,46174500.0
2012-05-09,F,10.48,10.69,10.41,10.81,54501200.0
2012-05-10,F,10.83,10.71,10.66,10.86,42526100.0
2012-05-11,F,10.61,10.58,10.56,10.83,36561300.0
2012-05-14,F,10.41,10.32,10.3,10.53,50225200.0
2012-05-15,F,10.34,10.15,10.1,10.34,41886500.0
2012-05-16,F,10.23,10.16,10.15,10.43,44321300.0
2012-05-17,F,10.16,10.01,10.01,10.25,49648900.0
2012-05-18,F,10.08,10.01,9.96,10.18,50572000.0
2012-05-21,F,10.02,10.2,10.0,10.23,38134900.0
2012-05-22,F,10.25,10.19,10.15,10.4,44295700.0
2012-05-23,F,10.32,10.41,10.22,10.45,75647800.0
2012-05-24,F,10.5,10.59,10.38,10.62,45334100.0
2012-05-25,F,10.61,10.6,10.51,10.68,30430800.0
2012-05-29,F,10.69,10.84,10.68,10.88,43760600.0
2012-05-30,F,10.73,10.66,10.52,10.75,44592100.0
2012-05-31,F,10.62,10.56,10.4,10.68,54297000.0
2012-06-01,F,10.33,10.12,10.06,10.37,68237000.0
2012-06-04,F,10.15,10.04,9.91,10.18,57305600.0
2012-06-05,F,10.01,10.19,9.97,10.24,38326200.0
2012-06-06,F,10.29,10.57,10.27,10.58,50458000.0
2012-06-07,F,10.73,10.55,10.52,10.78,33846100.0
2012-06-08,F,10.48,10.66,10.38,10.68,30811600.0
2012-06-11,F,10.77,10.45,10.45,10.8,35811400.0
2012-06-12,F,10.47,10.5,10.31,10.55,35130800.0
2012-06-13,F,10.39,10.3,10.22,10.49,41384200.0
2012-06-14,F,10.27,10.41,10.21,10.45,37531800.0
2012-06-15,F,10.4,10.35,10.26,10.42,39442000.0
2012-06-18,F,10.35,10.34,10.26,10.4,27361000.0
2012-06-19,F,10.37,10.56,10.35,10.64,37155900.0
2012-06-20,F,10.58,10.65,10.52,10.74,40810100.0
2012-06-21,F,10.65,10.27,10.25,10.68,40062800.0
2012-06-22,F,10.35,10.19,10.18,10.4,56427300.0
2012-06-25,F,10.13,10.01,9.95,10.18,44297600.0
2012-06-26,F,10.06,10.01,9.96,10.08,31871900.0
2012-06-27,F,10.05,10.02,9.97,10.1,33278900.0
2012-06-28,F,9.93,10.09,9.93,10.09,38648400.0
2012-06-29,F,9.95,9.59,9.46,9.98,138138600.0
2012-07-02,F,9.5,9.39,9.3,9.6,63388600.0
2012-07-03,F,9.53,9.6,9.49,9.79,49629300.0
2012-07-05,F,9.67,9.57,9.53,9.74,31783900.0
2012-07-06,F,9.47,9.5,9.4,9.52,30355400.0
2012-07-09,F,9.46,9.45,9.31,9.47,37441600.0
2012-07-10,F,9.5,9.35,9.28,9.55,33516600.0
2012-07-11,F,9.33,9.33,9.26,9.38,32028700.0
2012-07-12,F,9.26,9.13,9.12,9.28,55111000.0
2012-07-13,F,9.16,9.27,9.14,9.32,30248300.0
2012-07-16,F,9.22,9.26,9.15,9.32,28838200.0
2012-07-17,F,9.28,9.34,9.12,9.35,29510000.0
2012-07-18,F,9.38,9.38,9.34,9.52,31010000.0
2012-07-19,F,9.45,9.35,9.33,9.5,33615000.0
2012-07-20,F,9.28,9.21,9.18,9.35,27968300.0
2012-07-23,F,9.08,9.17,9.05,9.21,33773800.0
2012-07-24,F,9.17,9.06,8.95,9.24,53519200.0
2012-07-25,F,9.17,8.97,8.91,9.2,44338200.0
2012-07-26,F,9.05,8.96,8.83,9.11,51798900.0
2012-07-27,F,8.99,9.0,8.88,9.1,67986800.0
2012-07-30,F,9.04,9.1,9.01,9.18,40958300.0
2012-07-31,F,9.13,9.24,9.12,9.28,41360900.0
2012-08-01,F,9.29,9.04,8.99,9.42,65973000.0
2012-08-02,F,8.99,8.92,8.82,9.03,45326500.0
2012-08-03,F,9.02,9.09,8.96,9.15,38631400.0
2012-08-06,F,9.13,9.15,9.09,9.21,23819100.0
2012-08-07,F,9.18,9.31,9.18,9.39,43574500.0
2012-08-08,F,9.25,9.35,9.24,9.38,22630300.0
2012-08-09,F,9.31,9.34,9.3,9.46,30909800.0
2012-08-10,F,9.3,9.35,9.23,9.36,19618800.0
2012-08-13,F,9.35,9.4,9.25,9.42,21122000.0
2012-08-14,F,9.45,9.44,9.42,9.66,21129500.0
2012-08-15,F,9.44,9.49,9.41,9.54,21308300.0
2012-08-16,F,9.5,9.59,9.49,9.67,34323700.0
2012-08-17,F,9.65,9.63,9.6,9.66,34533900.0
2012-08-20,F,9.58,9.63,9.51,9.64,38923800.0
2012-08-21,F,9.65,9.53,9.52,9.7,26281100.0
2012-08-22,F,9.5,9.49,9.4,9.56,26965500.0
2012-08-23,F,9.45,9.45,9.42,9.54,23537700.0
2012-08-24,F,9.42,9.49,9.41,9.52,19574600.0
2012-08-27,F,9.51,9.39,9.38,9.52,22754200.0
2012-08-28,F,9.37,9.34,9.31,9.44,23084400.0
2012-08-29,F,9.33,9.32,9.29,9.4,26115700.0
2012-08-30,F,9.3,9.31,9.25,9.34,16459400.0
2012-08-31,F,9.39,9.34,9.31,9.43,28029200.0
2012-09-04,F,9.37,9.41,9.35,9.47,37965000.0
2012-09-05,F,9.45,9.57,9.39,9.62,40608800.0
2012-09-06,F,9.66,9.92,9.66,9.96,67996400.0
2012-09-07,F,9.95,10.14,9.93,10.23,60617000.0
2012-09-10,F,10.08,10.11,10.06,10.28,43381300.0
2012-09-11,F,10.18,10.15,10.13,10.25,28165300.0
2012-09-12,F,10.25,10.21,10.17,10.3,28046500.0
2012-09-13,F,10.2,10.34,10.12,10.38,50920200.0
2012-09-14,F,10.41,10.53,10.39,10.57,55934300.0
2012-09-17,F,10.27,10.39,10.26,10.42,31922200.0
2012-09-18,F,10.3,10.42,10.28,10.45,34937000.0
2012-09-19,F,10.49,10.59,10.45,10.66,42403000.0
2012-09-20,F,10.48,10.44,10.35,10.52,28755100.0
2012-09-21,F,10.53,10.4,10.36,10.54,35459800.0
2012-09-24,F,10.3,10.32,10.26,10.4,28557900.0
2012-09-25,F,10.35,10.09,10.06,10.37,36866300.0
2012-09-26,F,9.98,10.01,9.86,10.12,44362600.0
2012-09-27,F,10.13,10.02,10.02,10.18,25740900.0
2012-09-28,F,9.99,9.86,9.81,10.0,44586300.0
2012-10-01,F,9.89,9.93,9.88,10.08,33445600.0
2012-10-02,F,10.01,9.79,9.71,10.05,63630000.0
2012-10-03,F,9.82,9.94,9.76,10.02,51023800.0
2012-10-04,F,10.06,10.11,9.96,10.15,46855500.0
2012-10-05,F,10.17,10.16,10.13,10.28,40693900.0
2012-10-08,F,10.06,10.05,9.99,10.12,25473900.0
2012-10-09,F,10.21,10.1,10.02,10.25,38235700.0
2012-10-10,F,10.12,9.98,9.95,10.12,33951600.0
2012-10-11,F,10.06,10.14,10.05,10.26,39328700.0
2012-10-12,F,10.14,10.12,10.09,10.25,24108500.0
2012-10-15,F,10.11,10.22,10.09,10.25,26466500.0
2012-10-16,F,10.26,10.3,10.22,10.32,32788400.0
2012-10-17,F,10.31,10.41,10.26,10.41,29346300.0
2012-10-18,F,10.36,10.43,10.33,10.57,44041700.0
2012-10-19,F,10.42,10.18,10.13,10.43,40493000.0
2012-10-22,F,10.14,10.17,10.03,10.24,39149700.0
2012-10-23,F,10.02,10.0,9.97,10.11,32476500.0
2012-10-24,F,10.08,10.17,10.01,10.29,49339800.0
2012-10-25,F,10.42,10.39,10.28,10.49,59290900.0
2012-10-26,F,10.35,10.36,10.22,10.42,43485500.0
2012-10-31,F,10.7,11.16,10.6,11.17,137960900.0
2012-11-01,F,11.19,11.25,10.88,11.3,88770100.0
2012-11-02,F,11.31,11.17,11.15,11.38,53399000.0
2012-11-05,F,11.15,11.25,11.13,11.35,37995000.0
2012-11-06,F,11.33,11.42,11.26,11.59,51232200.0
2012-11-07,F,11.25,11.06,11.04,11.34,56674900.0
2012-11-08,F,11.07,10.9,10.89,11.23,45948800.0
2012-11-09,F,10.76,10.93,10.71,11.1,40703600.0
2012-11-12,F,11.03,10.97,10.96,11.16,25723100.0
2012-11-13,F,10.89,11.0,10.86,11.1,33342900.0
2012-11-14,F,11.02,10.67,10.62,11.05,45664700.0
2012-11-15,F,10.57,10.57,10.46,10.8,48879800.0
2012-11-16,F,10.58,10.5,10.38,10.64,45346200.0
2012-11-19,F,10.65,10.83,10.65,10.9,39359100.0
2012-11-20,F,10.85,10.85,10.76,11.02,34739800.0
2012-11-21,F,10.84,10.92,10.8,11.0,21181700.0
2012-11-23,F,10.98,11.1,10.96,11.1,16032200.0
2012-11-26,F,11.05,11.11,10.97,11.14,26831700.0
2012-11-27,F,11.1,11.1,11.1,11.27,37610000.0
2012-11-28,F,11.05,11.25,10.98,11.26,38496900.0
2012-11-29,F,11.32,11.53,11.32,11.53,57289300.0
2012-11-30,F,11.52,11.45,11.33,11.6,41329600.0
2012-12-03,F,11.56,11.41,11.4,11.7,47746300.0
2012-12-04,F,11.4,11.31,11.23,11.44,37760200.0
2012-12-05,F,11.32,11.31,11.18,11.4,33152400.0
2012-12-06,F,11.26,11.24,11.19,11.31,31065800.0
2012-12-07,F,11.27,11.48,11.26,11.5,38404500.0
2012-12-10,F,11.41,11.47,11.41,11.53,26025200.0
2012-12-11,F,11.51,11.49,11.4,11.58,36326900.0
2012-12-12,F,11.52,11.47,11.43,11.56,31099900.0
2012-12-13,F,11.46,11.27,11.21,11.5,35443200.0
2012-12-14,F,11.27,11.1,11.03,11.27,36933500.0
2012-12-17,F,11.16,11.39,11.14,11.41,46983300.0
2012-12-18,F,11.48,11.67,11.4,11.68,61810400.0
2012-12-19,F,11.79,11.73,11.62,11.85,54884700.0
2012-12-20,F,11.74,11.77,11.58,11.8,47750100.0
2012-12-21,F,11.55,11.86,11.47,11.86,94489300.0
2012-12-24,F,11.67,12.4,11.67,12.4,91734900.0
2012-12-26,F,12.31,12.79,12.31,12.79,140331900.0
2012-12-27,F,12.79,12.76,12.36,12.81,108315100.0
2012-12-28,F,12.55,12.87,12.52,12.88,95668600.0
2012-12-31,F,12.88,12.95,12.76,13.08,106908900.0
2013-01-02,F,13.23,13.2,13.0,13.28,75274700.0
2013-01-03,F,13.24,13.46,13.05,13.7,121284700.0
2013-01-04,F,13.51,13.57,13.35,13.61,54669900.0
2013-01-07,F,13.52,13.43,13.35,13.58,43482400.0
2013-01-08,F,13.38,13.35,13.2,13.43,46336200.0
2013-01-09,F,13.4,13.47,13.39,13.6,36973900.0
2013-01-10,F,13.78,13.83,13.68,13.94,84884300.0
2013-01-11,F,14.0,14.0,13.9,14.07,67641200.0
2013-01-14,F,14.04,13.99,13.86,14.08,46224800.0
2013-01-15,F,13.91,14.3,13.89,14.3,55425000.0
2013-01-16,F,14.16,14.22,14.01,14.25,51453400.0
2013-01-17,F,14.27,14.22,14.07,14.3,44299300.0
2013-01-18,F,14.1,14.11,13.97,14.13,45716100.0
2013-01-22,F,14.06,14.17,14.0,14.19,35467900.0
2013-01-23,F,14.0,13.88,13.79,14.02,58122200.0
2013-01-24,F,13.82,13.87,13.81,13.98,42532700.0
2013-01-25,F,13.83,13.68,13.64,13.84,53405400.0
2013-01-28,F,13.49,13.78,13.42,13.82,51189300.0
2013-01-29,F,13.56,13.14,12.89,13.61,131146500.0
2013-01-30,F,13.01,12.93,12.89,13.2,59595900.0
2013-01-31,F,12.86,12.95,12.67,13.02,65844000.0
2013-02-01,F,13.1,13.02,12.94,13.13,45222500.0
2013-02-04,F,12.94,12.88,12.86,13.0,32702200.0
2013-02-05,F,12.97,13.18,12.94,13.25,39116500.0
2013-02-06,F,13.13,13.2,13.05,13.27,33520400.0
2013-02-07,F,13.26,13.07,13.0,13.31,33987500.0
2013-02-08,F,13.1,13.1,13.05,13.16,18613300.0
2013-02-11,F,13.06,13.11,13.02,13.2,17688900.0
2013-02-12,F,13.12,13.08,13.05,13.2,26243300.0
2013-02-13,F,13.11,13.04,12.99,13.14,24503600.0
2013-02-14,F,13.0,13.11,12.96,13.17,33489000.0
2013-02-15,F,13.14,13.02,13.01,13.14,32418700.0
2013-02-19,F,13.04,12.99,12.9,13.09,31089900.0
2013-02-20,F,12.95,12.6,12.57,12.98,50381800.0
2013-02-21,F,12.51,12.39,12.3,12.51,43703700.0
2013-02-22,F,12.44,12.48,12.31,12.5,23866400.0
2013-02-25,F,12.53,12.13,12.1,12.57,38627200.0
2013-02-26,F,12.24,12.34,12.11,12.35,29191400.0
2013-02-27,F,12.35,12.76,12.35,12.85,51569900.0
2013-02-28,F,12.78,12.61,12.6,12.87,37659400.0
2013-03-01,F,12.56,12.61,12.38,12.75,38806100.0
2013-03-04,F,12.55,12.75,12.53,12.75,24337100.0
2013-03-05,F,12.87,12.87,12.79,12.98,26863200.0
2013-03-06,F,12.97,12.89,12.85,13.0,28953400.0
2013-03-07,F,12.89,12.83,12.77,12.91,27702800.0
2013-03-08,F,12.94,12.98,12.81,12.99,24715100.0
2013-03-11,F,12.97,13.34,12.9,13.4,48696900.0
2013-03-12,F,13.37,13.39,13.17,13.47,46047600.0
2013-03-13,F,13.37,13.4,13.35,13.45,26467800.0
2013-03-14,F,13.43,13.43,13.37,13.45,31653300.0
2013-03-15,F,13.31,13.45,13.26,13.45,62961000.0
2013-03-18,F,13.16,13.26,12.8,13.39,36877600.0
2013-03-19,F,13.27,13.16,13.09,13.35,37639900.0
2013-03-20,F,13.22,13.36,13.18,13.4,32690500.0
2013-03-21,F,13.25,13.26,13.23,13.42,29740300.0
2013-03-22,F,13.24,13.26,13.2,13.31,21423900.0
2013-03-25,F,13.31,13.29,13.26,13.4,27238000.0
2013-03-26,F,13.35,13.31,13.24,13.37,24236700.0
2013-03-27,F,13.23,13.22,13.1,13.25,26240600.0
2013-03-28,F,13.24,13.15,13.1,13.24,25472400.0
2013-04-01,F,13.01,12.9,12.9,13.15,32961500.0
2013-04-02,F,13.0,13.01,12.96,13.19,35189300.0
2013-04-03,F,13.05,12.68,12.59,13.05,45189000.0
2013-04-04,F,12.68,12.65,12.45,12.78,29803800.0
2013-04-05,F,12.43,12.44,12.15,12.5,42605700.0
2013-04-08,F,12.46,12.78,12.4,12.83,23884700.0
2013-04-09,F,12.85,12.8,12.75,12.96,29826000.0
2013-04-10,F,12.87,13.12,12.82,13.13,31089600.0
2013-04-11,F,13.15,13.55,13.13,13.58,51493300.0
2013-04-12,F,13.43,13.53,13.26,13.55,37955000.0
2013-04-15,F,13.36,12.95,12.91,13.46,55885900.0
2013-04-16,F,13.17,13.12,13.0,13.24,36338200.0
2013-04-17,F,12.97,12.93,12.8,13.05,44583600.0
2013-04-18,F,12.94,12.75,12.65,12.98,34877900.0
2013-04-19,F,12.88,12.93,12.75,12.97,26971400.0
2013-04-22,F,12.97,13.06,12.8,13.08,26082200.0
2013-04-23,F,13.12,13.36,13.11,13.45,40082600.0
2013-04-24,F,13.48,13.33,13.12,13.54,46026300.0
2013-04-25,F,13.4,13.47,13.35,13.56,42016000.0
2013-04-26,F,13.52,13.67,13.45,13.76,43814900.0
2013-04-29,F,13.73,13.66,13.57,13.76,20659200.0
2013-04-30,F,13.66,13.71,13.52,13.74,24858800.0
2013-05-01,F,13.64,13.38,13.35,13.78,39344800.0
2013-05-02,F,13.54,13.41,13.38,13.55,33982900.0
2013-05-03,F,13.58,13.83,13.57,13.83,45933600.0
2013-05-06,F,13.86,14.09,13.83,14.15,53821400.0
2013-05-07,F,14.2,14.19,14.09,14.25,42070400.0
2013-05-08,F,14.15,14.21,14.1,14.24,33334600.0
2013-05-09,F,14.19,14.2,14.16,14.26,30575000.0
2013-05-10,F,14.21,14.11,14.02,14.23,30885100.0
2013-05-13,F,14.1,14.01,13.92,14.12,22758500.0
2013-05-14,F,14.0,14.27,13.98,14.3,32390700.0
2013-05-15,F,14.28,14.67,14.27,14.77,56875000.0
2013-05-16,F,14.77,14.64,14.6,14.85,40924300.0
2013-05-17,F,14.79,15.08,14.75,15.15,59729800.0
2013-05-20,F,15.01,15.05,15.0,15.23,34580000.0
2013-05-21,F,15.07,14.95,14.75,15.22,61840300.0
2013-05-22,F,15.08,14.97,14.86,15.32,67147900.0
2013-05-23,F,14.5,14.81,14.37,14.94,49128700.0
2013-05-24,F,14.71,14.79,14.66,14.88,25287100.0
2013-05-28,F,15.22,15.28,15.1,15.35,59250500.0
2013-05-29,F,15.27,15.63,15.24,15.72,65167400.0
2013-05-30,F,15.76,15.9,15.74,16.02,61805000.0
2013-05-31,F,15.88,15.68,15.68,16.040001,52117500.0
2013-06-03,F,15.93,15.89,15.51,16.08,59017900.0
2013-06-04,F,15.98,15.78,15.63,16.09,50273400.0
2013-06-05,F,15.7,15.25,15.18,15.71,64862400.0
2013-06-06,F,15.25,15.44,15.06,15.48,54819200.0
2013-06-07,F,15.58,15.73,15.46,15.76,37099500.0
2013-06-10,F,15.86,15.71,15.6,15.9,29589300.0
2013-06-11,F,15.52,15.51,15.4,15.68,35360600.0
2013-06-12,F,15.63,15.37,15.31,15.71,36207400.0
2013-06-13,F,15.31,15.58,15.18,15.6,34327500.0
2013-06-14,F,15.52,15.37,15.35,15.57,27186000.0
2013-06-17,F,15.53,15.55,15.44,15.72,31340000.0
2013-06-18,F,15.54,15.65,15.44,15.71,25950200.0
2013-06-19,F,15.6,15.32,15.31,15.62,35997500.0
2013-06-20,F,15.19,14.82,14.75,15.28,57313900.0
2013-06-21,F,15.02,15.0,14.59,15.06,48218100.0
2013-06-24,F,14.67,14.67,14.3,14.83,58598000.0
2013-06-25,F,14.85,14.97,14.84,15.0,34031900.0
2013-06-26,F,15.16,15.29,15.1,15.31,39595100.0
2013-06-27,F,15.43,15.65,15.39,15.7,35859600.0
2013-06-28,F,15.56,15.47,15.44,15.65,45034700.0
2013-07-01,F,15.61,15.74,15.56,15.79,36012200.0
2013-07-02,F,15.76,16.18,15.69,16.209999,70275900.0
2013-07-03,F,16.15,16.43,16.139999,16.450001,38114000.0
2013-07-05,F,16.530001,16.700001,16.48,16.74,44728400.0
2013-07-08,F,16.85,16.809999,16.75,16.93,42019600.0
2013-07-09,F,16.860001,16.84,16.719999,16.940001,33762200.0
2013-07-10,F,16.76,16.719999,16.65,16.879999,38162900.0
2013-07-11,F,16.950001,16.98,16.860001,16.99,34601800.0
2013-07-12,F,16.98,17.110001,16.969999,17.110001,27297500.0
2013-07-15,F,17.24,17.120001,17.1,17.290001,26663500.0
2013-07-16,F,16.950001,16.6,16.41,16.950001,63282600.0
2013-07-17,F,16.639999,16.780001,16.620001,16.83,27888100.0
2013-07-18,F,16.82,16.93,16.780001,16.98,24606400.0
2013-07-19,F,16.889999,16.76,16.65,16.889999,29592500.0
2013-07-22,F,16.870001,17.040001,16.83,17.040001,28745600.0
2013-07-23,F,17.16,16.940001,16.82,17.17,35016900.0
2013-07-24,F,17.48,17.370001,17.25,17.68,78608500.0
2013-07-25,F,17.26,16.959999,16.879999,17.27,51510200.0
2013-07-26,F,16.92,17.02,16.9,17.129999,30356000.0
2013-07-29,F,17.08,17.08,17.049999,17.190001,27823400.0
2013-07-30,F,17.190001,17.08,17.059999,17.25,25879200.0
2013-07-31,F,17.09,16.879999,16.84,17.15,42156300.0
2013-08-01,F,17.040001,17.190001,16.950001,17.209999,39519600.0
2013-08-02,F,17.15,17.5,17.120001,17.5,32233600.0
2013-08-05,F,17.440001,17.190001,17.110001,17.5,53813000.0
2013-08-06,F,17.18,17.030001,17.0,17.23,29014000.0
2013-08-07,F,16.950001,16.77,16.719999,16.959999,33058100.0
2013-08-08,F,16.940001,16.98,16.870001,17.030001,26626200.0
2013-08-09,F,16.950001,17.02,16.940001,17.110001,25625300.0
2013-08-12,F,16.91,17.07,16.889999,17.139999,23170600.0
2013-08-13,F,17.15,17.059999,16.959999,17.209999,22372000.0
2013-08-14,F,17.040001,16.889999,16.85,17.059999,29255700.0
2013-08-15,F,16.709999,16.43,16.219999,16.73,55905300.0
2013-08-16,F,16.450001,16.299999,16.219999,16.6,30477300.0
2013-08-19,F,16.290001,16.120001,16.110001,16.309999,28013600.0
2013-08-20,F,16.059999,16.309999,15.82,16.360001,42599300.0
2013-08-21,F,16.309999,16.25,16.110001,16.42,34926600.0
2013-08-22,F,16.290001,16.41,16.25,16.49,16464700.0
2013-08-23,F,16.469999,16.450001,16.35,16.52,21547100.0
2013-08-26,F,16.440001,16.41,16.379999,16.620001,24792600.0
2013-08-27,F,16.16,15.88,15.85,16.18,44005000.0
2013-08-28,F,15.86,16.02,15.71,16.15,37027600.0
2013-08-29,F,16.209999,16.5,16.15,16.66,47714900.0
2013-08-30,F,16.58,16.190001,16.120001,16.59,40290600.0
2013-09-03,F,16.42,16.34,16.209999,16.540001,33457700.0
2013-09-04,F,16.379999,16.91,16.370001,17.02,69533900.0
2013-09-05,F,17.1,17.299999,17.030001,17.35,55979000.0
2013-09-06,F,17.33,17.0,16.82,17.34,61718600.0
2013-09-09,F,17.110001,17.309999,17.1,17.41,38517000.0
2013-09-10,F,17.49,17.549999,17.370001,17.68,45850700.0
2013-09-11,F,17.5,17.540001,17.389999,17.58,32902300.0
2013-09-12,F,17.549999,17.389999,17.309999,17.559999,26855400.0
2013-09-13,F,17.450001,17.35,17.280001,17.49,21572800.0
2013-09-16,F,17.530001,17.35,17.299999,17.59,26976600.0
2013-09-17,F,17.35,17.440001,17.299999,17.450001,23176300.0
2013-09-18,F,17.360001,17.629999,17.34,17.77,45114100.0
2013-09-19,F,17.75,17.66,17.51,17.77,30748200.0
2013-09-20,F,17.709999,17.389999,17.299999,17.709999,47887900.0
2013-09-23,F,17.27,17.200001,16.98,17.35,42733400.0
2013-09-24,F,17.23,17.26,17.08,17.4,33787600.0
2013-09-25,F,17.25,17.190001,17.16,17.4,31630300.0
2013-09-26,F,17.26,17.27,17.120001,17.379999,32360900.0
2013-09-27,F,17.17,17.049999,17.0,17.200001,34022600.0
2013-09-30,F,16.77,16.870001,16.690001,17.01,36511300.0
2013-10-01,F,16.93,17.190001,16.92,17.34,41817000.0
2013-10-02,F,17.09,17.209999,16.950001,17.219999,29527300.0
2013-10-03,F,17.110001,16.950001,16.76,17.17,36628800.0
2013-10-04,F,16.969999,17.09,16.940001,17.139999,24991600.0
2013-10-07,F,16.860001,16.809999,16.809999,16.950001,30339600.0
2013-10-08,F,16.83,16.5,16.450001,16.85,45491300.0
2013-10-09,F,16.51,16.620001,16.35,16.74,50838200.0
2013-10-10,F,16.870001,16.93,16.83,17.0,46955700.0
2013-10-11,F,17.02,17.110001,16.879999,17.120001,30814200.0
2013-10-14,F,16.93,17.18,16.92,17.25,31229600.0
2013-10-15,F,17.18,16.969999,16.950001,17.209999,39294100.0
2013-10-16,F,17.08,17.290001,17.030001,17.290001,33098300.0
2013-10-17,F,17.24,17.459999,17.24,17.49,26889400.0
2013-10-18,F,17.52,17.530001,17.43,17.549999,23022100.0
2013-10-21,F,17.59,17.5,17.41,17.6,22159700.0
2013-10-22,F,17.549999,17.6,17.440001,17.68,30226500.0
2013-10-23,F,17.66,17.52,17.389999,17.709999,45496200.0
2013-10-24,F,18.01,17.76,17.639999,18.02,71402500.0
2013-10-25,F,17.84,17.6,17.42,17.85,47515700.0
2013-10-28,F,17.66,17.57,17.52,17.719999,37323000.0
2013-10-29,F,17.57,17.610001,17.41,17.620001,36931500.0
2013-10-30,F,17.620001,17.34,17.25,17.639999,39898500.0
2013-10-31,F,17.290001,17.110001,17.1,17.33,38742700.0
2013-11-01,F,17.24,16.889999,16.76,17.24,52493000.0
2013-11-04,F,16.969999,17.0,16.780001,17.01,33974700.0
2013-11-05,F,16.889999,17.09,16.83,17.139999,43517500.0
2013-11-06,F,17.16,16.91,16.85,17.200001,37052400.0
2013-11-07,F,16.91,16.549999,16.530001,16.92,47526900.0
2013-11-08,F,16.66,16.85,16.610001,16.870001,38987300.0
2013-11-11,F,16.870001,16.889999,16.73,17.139999,29561200.0
2013-11-12,F,16.799999,16.719999,16.66,16.85,31432300.0
2013-11-13,F,16.66,17.1,16.639999,17.1,39160000.0
2013-11-14,F,17.120001,17.09,17.01,17.200001,35559900.0
2013-11-15,F,17.129999,17.07,17.0,17.15,33100600.0
2013-11-18,F,17.07,16.98,16.92,17.18,31231300.0
2013-11-19,F,16.99,16.870001,16.82,17.030001,26841800.0
2013-11-20,F,16.889999,16.92,16.84,17.08,31077800.0
2013-11-21,F,17.01,17.09,16.98,17.15,33042300.0
2013-11-22,F,17.120001,17.01,17.0,17.139999,29789000.0
2013-11-25,F,17.1,16.940001,16.93,17.139999,25125300.0
2013-11-26,F,17.049999,16.870001,16.85,17.049999,26440600.0
2013-11-27,F,16.860001,17.030001,16.809999,17.09,31559700.0
2013-11-29,F,17.059999,17.08,17.040001,17.18,14918800.0
2013-12-02,F,17.120001,17.059999,17.030001,17.200001,27749600.0
2013-12-03,F,17.049999,16.559999,16.42,17.200001,74867000.0
2013-12-04,F,16.610001,16.620001,16.49,16.76,40104000.0
2013-12-05,F,16.66,16.74,16.52,16.860001,44793800.0
2013-12-06,F,16.92,16.700001,16.610001,16.950001,33254500.0
2013-12-09,F,16.68,16.559999,16.5,16.790001,34369700.0
2013-12-10,F,16.540001,16.530001,16.51,16.690001,30523600.0
2013-12-11,F,16.540001,16.41,16.33,16.610001,37848800.0
2013-12-12,F,16.360001,16.389999,16.200001,16.459999,30945400.0
2013-12-13,F,16.469999,16.59,16.459999,16.790001,48535500.0
2013-12-16,F,16.719999,16.860001,16.709999,16.940001,38001800.0
2013-12-17,F,16.860001,16.700001,16.66,16.99,40555800.0
2013-12-18,F,15.99,15.65,15.17,16.0,220363000.0
2013-12-19,F,15.46,15.3,15.25,15.5,84636000.0
2013-12-20,F,15.35,15.42,15.32,15.5,61508000.0
2013-12-23,F,15.49,15.15,15.12,15.5,59222000.0
2013-12-24,F,15.2,15.19,15.1,15.23,22642200.0
2013-12-26,F,15.23,15.33,15.22,15.34,24966000.0
2013-12-27,F,15.35,15.3,15.25,15.35,21842000.0
2013-12-30,F,15.36,15.28,15.25,15.42,32832800.0
2013-12-31,F,15.29,15.43,15.26,15.43,27829000.0
2014-01-02,F,15.42,15.44,15.28,15.45,31528500.0
2014-01-03,F,15.52,15.51,15.3,15.64,46122300.0
2014-01-06,F,15.72,15.58,15.52,15.76,42657600.0
2014-01-07,F,15.73,15.38,15.35,15.74,54476300.0
2014-01-08,F,15.6,15.54,15.51,15.71,48448300.0
2014-01-09,F,15.83,15.84,15.77,16.02,67836500.0
2014-01-10,F,16.01,16.07,15.94,16.110001,44984000.0
2014-01-13,F,16.370001,16.110001,16.08,16.530001,57566400.0
2014-01-14,F,16.309999,16.4,16.17,16.43,44039200.0
2014-01-15,F,16.370001,16.700001,16.35,16.73,64118200.0
2014-01-16,F,16.67,16.73,16.559999,16.76,38410800.0
2014-01-17,F,16.780001,16.52,16.450001,16.780001,37152100.0
2014-01-21,F,16.639999,16.41,16.360001,16.68,35597200.0
2014-01-22,F,16.440001,16.549999,16.370001,16.620001,28741900.0
2014-01-23,F,16.49,16.43,16.309999,16.530001,37860800.0
2014-01-24,F,16.190001,15.83,15.78,16.209999,66023500.0
2014-01-27,F,15.9,15.71,15.52,15.91,51218700.0
2014-01-28,F,15.97,15.72,15.51,16.01,57677500.0
2014-01-29,F,15.48,15.26,15.2,15.53,52241500.0
2014-01-30,F,15.43,15.25,15.18,15.45,32654100.0
2014-01-31,F,15.09,14.96,14.9,15.1,64132600.0
2014-02-03,F,15.0,14.55,14.4,15.0,92427200.0
2014-02-04,F,14.57,14.87,14.45,14.93,55397500.0
2014-02-05,F,14.93,14.73,14.5,14.93,45466500.0
2014-02-06,F,14.57,14.85,14.53,14.85,47527100.0
2014-02-07,F,14.94,14.97,14.94,15.13,38410500.0
2014-02-10,F,15.05,14.84,14.78,15.06,36217700.0
2014-02-11,F,14.91,14.96,14.82,15.01,43482100.0
2014-02-12,F,15.09,15.0,14.99,15.12,30519400.0
2014-02-13,F,14.9,15.08,14.88,15.09,27008800.0
2014-02-14,F,15.12,15.24,15.03,15.36,34282200.0
2014-02-18,F,15.38,15.39,15.28,15.45,32167900.0
2014-02-19,F,15.31,15.25,15.21,15.49,26262500.0
2014-02-20,F,15.27,15.27,15.15,15.3,20647300.0
2014-02-21,F,15.27,15.16,15.11,15.31,29967600.0
2014-02-24,F,15.18,15.18,15.12,15.36,30412900.0
2014-02-25,F,15.21,15.15,15.11,15.29,26401400.0
2014-02-26,F,15.14,15.26,15.07,15.46,34682200.0
2014-02-27,F,15.22,15.39,15.16,15.43,25727700.0
2014-02-28,F,15.33,15.39,15.23,15.41,35687900.0
2014-03-03,F,15.2,15.2,15.03,15.32,42824000.0
2014-03-04,F,15.33,15.37,15.27,15.39,33071700.0
2014-03-05,F,15.38,15.63,15.36,15.67,32955900.0
2014-03-06,F,15.72,15.67,15.66,15.83,26630800.0
2014-03-07,F,15.72,15.62,15.54,15.8,23666900.0
2014-03-10,F,15.5,15.51,15.45,15.64,30496600.0
2014-03-11,F,15.49,15.3,15.17,15.52,34612800.0
2014-03-12,F,15.24,15.4,15.15,15.42,31250500.0
2014-03-13,F,15.46,15.18,15.1,15.46,34344100.0
2014-03-14,F,15.18,15.08,15.06,15.25,26943300.0
2014-03-17,F,15.18,15.28,15.16,15.33,26929100.0
2014-03-18,F,15.29,15.49,15.28,15.57,28324200.0
2014-03-19,F,15.51,15.48,15.35,15.55,24374300.0
2014-03-20,F,15.45,15.55,15.37,15.55,21203100.0
2014-03-21,F,15.73,15.47,15.45,15.74,31678500.0
2014-03-24,F,15.48,15.39,15.3,15.54,27033600.0
2014-03-25,F,15.42,15.33,15.29,15.46,24656700.0
2014-03-26,F,15.38,15.25,15.23,15.44,24444100.0
2014-03-27,F,15.25,15.25,15.17,15.38,28244800.0
2014-03-28,F,15.32,15.45,15.31,15.58,36615100.0
2014-03-31,F,15.6,15.6,15.48,15.63,27054500.0
2014-04-01,F,15.67,16.32,15.67,16.450001,84938900.0
2014-04-02,F,16.25,16.459999,16.15,16.49,39927100.0
2014-04-03,F,16.459999,16.389999,16.34,16.49,26108300.0
2014-04-04,F,16.49,16.129999,16.110001,16.49,30524900.0
2014-04-07,F,16.08,15.94,15.86,16.17,28112900.0
2014-04-08,F,15.99,16.1,15.92,16.16,26836400.0
2014-04-09,F,16.0,15.84,15.75,16.09,36882800.0
2014-04-10,F,15.9,15.63,15.59,15.91,31254900.0
2014-04-11,F,15.8,15.63,15.6,15.93,39337200.0
2014-04-14,F,15.73,15.7,15.53,15.77,20414700.0
2014-04-15,F,15.77,15.84,15.66,15.88,28666200.0
2014-04-16,F,15.94,16.07,15.9,16.07,21853800.0
2014-04-17,F,15.99,16.0,15.99,16.1,17657900.0
2014-04-21,F,16.01,15.98,15.9,16.08,24911800.0
2014-04-22,F,15.96,16.1,15.93,16.18,18916800.0
2014-04-23,F,16.08,16.23,16.08,16.32,19808700.0
2014-04-24,F,16.41,16.32,16.200001,16.440001,27453200.0
2014-04-25,F,15.81,15.78,15.71,15.9,53874200.0
2014-04-28,F,15.94,15.97,15.75,16.049999,33030100.0
2014-04-29,F,16.0,16.120001,15.91,16.15,27163700.0
2014-04-30,F,16.030001,16.15,15.92,16.18,26525000.0
2014-05-01,F,16.15,15.91,15.85,16.200001,30722100.0
2014-05-02,F,15.95,15.9,15.8,15.98,22173000.0
2014-05-05,F,15.81,15.74,15.71,15.87,25120400.0
2014-05-06,F,15.74,15.56,15.53,15.76,23289100.0
2014-05-07,F,15.63,15.46,15.43,15.63,32181800.0
2014-05-08,F,15.54,15.81,15.51,15.95,36793400.0
2014-05-09,F,15.73,15.77,15.73,15.9,25172600.0
2014-05-12,F,15.81,15.84,15.78,15.9,17441400.0
2014-05-13,F,15.85,15.86,15.75,15.9,16509300.0
2014-05-14,F,15.85,15.75,15.75,15.89,15087900.0
2014-05-15,F,15.74,15.69,15.55,15.75,27244300.0
2014-05-16,F,15.7,15.76,15.56,15.86,25639200.0
2014-05-19,F,15.72,15.92,15.72,15.94,17368300.0
2014-05-20,F,15.9,15.77,15.74,15.93,20348900.0
2014-05-21,F,15.82,15.91,15.8,15.98,17809700.0
2014-05-22,F,15.85,15.91,15.85,16.030001,24843700.0
2014-05-23,F,15.91,16.02,15.9,16.030001,17004400.0
2014-05-27,F,16.09,16.16,16.049999,16.200001,21034700.0
2014-05-28,F,16.17,16.309999,16.15,16.360001,23241400.0
2014-05-29,F,16.4,16.540001,16.370001,16.559999,42832500.0
2014-05-30,F,16.4,16.440001,16.370001,16.540001,23065400.0
2014-06-02,F,16.51,16.440001,16.379999,16.51,17975100.0
2014-06-03,F,16.459999,16.549999,16.450001,16.719999,32579900.0
2014-06-04,F,16.549999,16.790001,16.459999,16.85,33699600.0
2014-06-05,F,16.82,16.68,16.6,16.889999,34824800.0
2014-06-06,F,16.67,17.08,16.67,17.08,38583400.0
2014-06-09,F,17.01,17.0,17.0,17.120001,23144300.0
2014-06-10,F,17.01,17.01,16.99,17.08,21980100.0
2014-06-11,F,16.969999,16.9,16.879999,17.01,21409200.0
2014-06-12,F,16.889999,16.52,16.5,16.93,28544500.0
2014-06-13,F,16.530001,16.559999,16.5,16.65,20323400.0
2014-06-16,F,16.469999,16.629999,16.379999,16.68,22219600.0
2014-06-17,F,16.58,16.790001,16.530001,16.799999,17785400.0
2014-06-18,F,16.790001,16.83,16.629999,16.85,22925800.0
2014-06-19,F,16.870001,16.780001,16.76,16.870001,16728500.0
2014-06-20,F,16.870001,16.67,16.65,16.870001,29981400.0
2014-06-23,F,16.700001,16.879999,16.68,16.92,23084400.0
2014-06-24,F,16.84,16.969999,16.83,17.200001,37736500.0
2014-06-25,F,16.950001,17.200001,16.92,17.26,37496700.0
2014-06-26,F,17.27,17.200001,17.049999,17.27,22189100.0
2014-06-27,F,17.18,17.280001,17.15,17.290001,31415200.0
2014-06-30,F,17.299999,17.24,17.200001,17.35,24073800.0
2014-07-01,F,17.34,17.209999,17.07,17.4,36171500.0
2014-07-02,F,17.190001,17.219999,17.17,17.299999,17001400.0
2014-07-03,F,17.23,17.32,17.219999,17.34,13581200.0
2014-07-07,F,17.190001,17.32,17.190001,17.4,20271600.0
2014-07-08,F,17.219999,17.110001,17.049999,17.24,23323400.0
2014-07-09,F,17.16,17.43,17.139999,17.450001,27037000.0
2014-07-10,F,17.200001,17.299999,17.17,17.389999,20164400.0
2014-07-11,F,17.309999,17.469999,17.290001,17.49,20150000.0
2014-07-14,F,17.51,17.549999,17.450001,17.6,20446700.0
2014-07-15,F,17.549999,17.540001,17.450001,17.65,22626400.0
2014-07-16,F,17.66,17.799999,17.620001,17.870001,36063400.0
2014-07-17,F,17.66,17.74,17.639999,18.08,47287300.0
2014-07-18,F,17.799999,17.719999,17.65,17.84,24838800.0
2014-07-21,F,17.65,17.700001,17.65,17.9,19197700.0
2014-07-22,F,17.77,17.82,17.67,17.860001,24546100.0
2014-07-23,F,17.83,17.780001,17.780001,17.950001,30932500.0
2014-07-24,F,18.01,17.84,17.68,18.120001,53838000.0
2014-07-25,F,17.9,17.620001,17.51,17.92,34499800.0
2014-07-28,F,17.620001,17.639999,17.469999,17.709999,29662100.0
2014-07-29,F,17.65,17.57,17.540001,17.85,32972800.0
2014-07-30,F,17.52,17.459999,17.32,17.6,30169700.0
2014-07-31,F,17.299999,17.02,17.01,17.33,34170600.0
2014-08-01,F,17.049999,16.809999,16.719999,17.18,33678000.0
2014-08-04,F,16.959999,17.02,16.940001,17.139999,24871300.0
2014-08-05,F,16.940001,16.870001,16.780001,17.139999,24843500.0
2014-08-06,F,16.74,16.98,16.74,17.08,21872900.0
2014-08-07,F,17.040001,16.82,16.77,17.1,19997700.0
2014-08-08,F,16.799999,17.09,16.75,17.120001,29370400.0
2014-08-11,F,17.17,17.17,17.110001,17.25,17814900.0
2014-08-12,F,17.15,17.209999,17.139999,17.41,25514800.0
2014-08-13,F,17.48,17.42,17.32,17.48,26177800.0
2014-08-14,F,17.4,17.43,17.23,17.48,19733500.0
2014-08-15,F,17.49,17.309999,17.17,17.49,20958100.0
2014-08-18,F,17.379999,17.43,17.379999,17.52,17174900.0
2014-08-19,F,17.51,17.360001,17.32,17.52,15899400.0
2014-08-20,F,17.35,17.41,17.25,17.43,14204600.0
2014-08-21,F,17.43,17.4,17.370001,17.49,15051300.0
2014-08-22,F,17.32,17.17,17.15,17.389999,20294800.0
2014-08-25,F,17.209999,17.23,17.200001,17.290001,10770300.0
2014-08-26,F,17.26,17.190001,17.190001,17.35,12167200.0
2014-08-27,F,17.23,17.360001,17.209999,17.4,18221100.0
2014-08-28,F,17.27,17.42,17.209999,17.450001,16855000.0
2014-08-29,F,17.469999,17.41,17.389999,17.49,15373400.0
2014-09-02,F,17.48,17.6,17.48,17.620001,18538300.0
2014-09-03,F,17.709999,17.469999,17.440001,17.870001,25723900.0
2014-09-04,F,17.459999,17.27,17.190001,17.629999,20733700.0
2014-09-05,F,17.299999,17.139999,16.940001,17.299999,29801700.0
2014-09-08,F,16.74,16.799999,16.709999,16.870001,47565300.0
2014-09-09,F,16.790001,16.629999,16.59,16.82,26656600.0
2014-09-10,F,16.65,16.629999,16.610001,16.719999,16644400.0
2014-09-11,F,16.59,16.66,16.51,16.67,14658900.0
2014-09-12,F,16.639999,16.59,16.5,16.68,16470100.0
2014-09-15,F,16.559999,16.469999,16.42,16.620001,23691600.0
2014-09-16,F,16.379999,16.52,16.16,16.530001,23772600.0
2014-09-17,F,16.59,16.530001,16.52,16.700001,25366300.0
2014-09-18,F,16.540001,16.58,16.5,16.65,19453000.0
2014-09-19,F,16.68,16.65,16.58,16.77,35006900.0
2014-09-22,F,16.58,16.360001,16.34,16.610001,23800300.0
2014-09-23,F,16.309999,16.17,16.139999,16.35,28285100.0
2014-09-24,F,16.24,16.41,16.24,16.450001,22021600.0
2014-09-25,F,16.4,16.200001,16.17,16.4,19054900.0
2014-09-26,F,16.23,16.33,16.18,16.33,20432100.0
2014-09-29,F,16.15,15.11,14.83,16.4,82938700.0
2014-09-30,F,15.01,14.79,14.49,15.15,115056700.0
2014-10-01,F,14.77,14.59,14.56,14.83,55948300.0
2014-10-02,F,14.66,14.56,14.44,14.67,37781800.0
2014-10-03,F,14.66,14.59,14.5,14.69,38177500.0
2014-10-06,F,14.66,14.52,14.5,14.7,23974300.0
2014-10-07,F,14.47,14.1,14.08,14.49,42850700.0
2014-10-08,F,14.07,14.21,13.62,14.24,50319300.0
2014-10-09,F,14.21,13.84,13.8,14.22,31768500.0
2014-10-10,F,13.71,13.79,13.52,13.92,41079500.0
2014-10-13,F,13.78,13.54,13.52,13.88,37691700.0
2014-10-14,F,13.6,13.78,13.54,14.04,43392900.0
2014-10-15,F,13.59,13.62,13.26,13.77,46497000.0
2014-10-16,F,13.39,13.98,13.36,14.06,41375500.0
2014-10-17,F,14.2,14.02,13.97,14.25,31548000.0
2014-10-20,F,14.04,14.17,13.95,14.18,18972600.0
2014-10-21,F,14.26,14.26,14.1,14.28,29926800.0
2014-10-22,F,14.29,14.13,14.08,14.33,24285200.0
2014-10-23,F,14.3,14.4,14.28,14.49,30418400.0
2014-10-24,F,14.41,13.78,13.65,14.44,91944000.0
2014-10-27,F,13.87,13.82,13.68,13.89,61472200.0
2014-10-28,F,13.89,14.16,13.86,14.16,36821800.0
2014-10-29,F,14.14,13.91,13.76,14.18,31263900.0
2014-10-30,F,13.88,13.95,13.68,13.97,25506000.0
2014-10-31,F,14.13,14.09,14.04,14.15,37277800.0
2014-11-03,F,14.1,13.99,13.94,14.17,31620700.0
2014-11-04,F,13.94,13.95,13.86,14.0,19695700.0
2014-11-05,F,14.03,13.94,13.87,14.05,26042800.0
2014-11-06,F,13.92,14.19,13.92,14.22,36431700.0
2014-11-07,F,14.22,14.17,14.13,14.27,30254700.0
2014-11-10,F,14.19,14.0,13.95,14.2,36413300.0
2014-11-11,F,14.05,14.37,14.0,14.43,35345600.0
2014-11-12,F,14.32,14.58,14.26,14.63,36221100.0
2014-11-13,F,14.71,14.93,14.7,15.17,50292300.0
2014-11-14,F,15.01,15.14,14.99,15.27,37093200.0
2014-11-17,F,15.35,15.54,15.2,15.6,46517300.0
2014-11-18,F,15.7,15.5,15.25,15.75,43647800.0
2014-11-19,F,15.48,15.44,15.26,15.48,22633500.0
2014-11-20,F,15.37,15.46,15.28,15.65,21163200.0
2014-11-21,F,15.64,15.43,15.37,15.65,25609600.0
2014-11-24,F,15.51,15.67,15.5,15.69,32797900.0
2014-11-25,F,15.74,15.68,15.61,15.84,32253500.0
2014-11-26,F,15.65,15.61,15.52,15.68,20003200.0
2014-11-28,F,15.65,15.73,15.47,15.73,18620300.0
2014-12-01,F,15.78,15.77,15.7,15.89,30022000.0
2014-12-02,F,15.86,15.9,15.61,15.95,32313000.0
2014-12-03,F,15.88,16.01,15.88,16.129999,37561100.0
2014-12-04,F,16.0,15.81,15.75,16.030001,23264600.0
2014-12-05,F,15.9,15.7,15.63,15.94,29700300.0
2014-12-08,F,15.68,15.43,15.38,15.75,25519100.0
2014-12-09,F,15.05,15.43,14.75,15.43,23382800.0
2014-12-10,F,15.43,15.16,15.15,15.43,24615500.0
2014-12-11,F,15.17,15.28,15.03,15.49,30359300.0
2014-12-12,F,15.2,14.99,14.99,15.21,22684500.0
2014-12-15,F,14.86,14.28,14.27,14.92,47476400.0
2014-12-16,F,14.19,14.09,13.93,14.46,43879300.0
2014-12-17,F,14.17,14.45,14.11,14.52,29504200.0
2014-12-18,F,14.7,14.81,14.51,14.81,35542500.0
2014-12-19,F,14.79,15.03,14.74,15.05,40843500.0
2014-12-22,F,15.08,15.22,15.0,15.24,25366800.0
2014-12-23,F,15.21,15.33,15.21,15.45,20828700.0
2014-12-24,F,15.37,15.3,15.25,15.38,7128800.0
2014-12-26,F,15.3,15.45,15.26,15.49,11666400.0
2014-12-29,F,15.37,15.52,15.34,15.68,19137500.0
2014-12-30,F,15.48,15.5,15.45,15.6,14795000.0
2014-12-31,F,15.51,15.5,15.47,15.64,17930200.0
2015-01-02,F,15.59,15.36,15.18,15.65,24777900.0
2015-01-05,F,15.12,14.76,14.69,15.13,44079700.0
2015-01-06,F,14.88,14.62,14.38,14.9,32981600.0
2015-01-07,F,14.78,15.04,14.77,15.09,26065300.0
2015-01-08,F,15.4,15.42,15.23,15.48,33943400.0
2015-01-09,F,15.46,15.21,15.06,15.47,23420800.0
2015-01-12,F,15.31,15.22,15.11,15.32,22750800.0
2015-01-13,F,15.38,15.21,15.08,15.48,26279400.0
2015-01-14,F,15.07,15.11,14.83,15.16,36472600.0
2015-01-15,F,15.12,14.86,14.8,15.16,24981300.0
2015-01-16,F,14.81,15.02,14.75,15.04,32089900.0
2015-01-20,F,15.08,15.01,14.75,15.13,28553700.0
2015-01-21,F,14.98,14.97,14.88,15.11,23281500.0
2015-01-22,F,15.01,15.03,14.9,15.07,23669200.0
2015-01-23,F,15.02,14.91,14.89,15.08,21620600.0
2015-01-26,F,14.98,15.08,14.97,15.15,25237200.0
2015-01-27,F,14.96,14.85,14.72,14.99,34609100.0
2015-01-28,F,14.83,14.46,14.42,14.83,40579800.0
2015-01-29,F,14.62,14.85,14.3,14.96,40731100.0
2015-01-30,F,14.75,14.71,14.63,14.89,30439700.0
2015-02-02,F,14.75,15.27,14.74,15.3,40371800.0
2015-02-03,F,15.47,15.65,15.44,15.79,48335400.0
2015-02-04,F,15.68,15.87,15.65,16.02,41179500.0
2015-02-05,F,16.01,15.85,15.75,16.02,25713200.0
2015-02-06,F,15.84,15.86,15.77,16.0,28187700.0
2015-02-09,F,15.76,15.92,15.72,16.030001,20286700.0
2015-02-10,F,16.049999,16.09,15.91,16.139999,27928500.0
2015-02-11,F,16.08,16.25,16.01,16.309999,34285300.0
2015-02-12,F,16.34,16.360001,16.299999,16.450001,23738800.0
2015-02-13,F,16.33,16.299999,16.190001,16.360001,19954600.0
2015-02-17,F,16.209999,16.110001,16.0,16.299999,44362300.0
2015-02-18,F,16.16,16.209999,16.059999,16.33,22812700.0
2015-02-19,F,16.190001,16.43,16.17,16.48,24863900.0
2015-02-20,F,16.389999,16.4,16.25,16.459999,21523600.0
2015-02-23,F,16.33,16.379999,16.290001,16.450001,19016800.0
2015-02-24,F,16.360001,16.360001,16.280001,16.42,17672500.0
2015-02-25,F,16.34,16.51,16.34,16.620001,23320200.0
2015-02-26,F,16.4,16.379999,16.370001,16.57,20800000.0
2015-02-27,F,16.379999,16.34,16.219999,16.4,20337000.0
2015-03-02,F,16.34,16.57,16.34,16.59,26341100.0
2015-03-03,F,16.07,16.17,16.059999,16.299999,37689000.0
2015-03-04,F,16.09,16.030001,15.93,16.139999,25659400.0
2015-03-05,F,16.09,16.110001,16.09,16.23,16548200.0
2015-03-06,F,16.040001,15.93,15.91,16.200001,24420500.0
2015-03-09,F,15.98,16.030001,15.93,16.1,17132400.0
2015-03-10,F,15.94,15.72,15.69,15.95,31687700.0
2015-03-11,F,15.77,15.75,15.7,15.85,20638700.0
2015-03-12,F,15.88,16.17,15.86,16.23,31172200.0
2015-03-13,F,16.16,16.200001,16.0,16.25,27877700.0
2015-03-16,F,16.26,16.49,16.24,16.5,37731700.0
2015-03-17,F,16.389999,16.389999,16.360001,16.49,20917700.0
2015-03-18,F,16.309999,16.459999,16.110001,16.51,33748000.0
2015-03-19,F,16.42,16.34,16.280001,16.459999,18021500.0
2015-03-20,F,16.35,16.48,16.34,16.540001,42096800.0
2015-03-23,F,16.469999,16.57,16.459999,16.74,30709000.0
2015-03-24,F,16.58,16.559999,16.469999,16.690001,16661800.0
2015-03-25,F,16.530001,16.18,16.18,16.549999,21996200.0
2015-03-26,F,16.110001,16.01,15.96,16.17,33327900.0
2015-03-27,F,16.059999,15.98,15.85,16.1,53270400.0
2015-03-30,F,16.120001,16.16,16.049999,16.280001,20537600.0
2015-03-31,F,16.120001,16.139999,16.08,16.290001,21792600.0
2015-04-01,F,16.16,15.91,15.85,16.16,27365900.0
2015-04-02,F,15.93,16.030001,15.85,16.040001,15925400.0
2015-04-06,F,15.95,16.0,15.9,16.110001,18522100.0
2015-04-07,F,15.95,15.9,15.78,15.97,26616700.0
2015-04-08,F,15.97,15.98,15.95,16.09,25147000.0
2015-04-09,F,16.0,15.95,15.88,16.07,23461900.0
2015-04-10,F,15.97,16.030001,15.95,16.049999,17657700.0
2015-04-13,F,16.0,15.87,15.87,16.08,22521100.0
2015-04-14,F,15.9,15.97,15.89,16.049999,21745900.0
2015-04-15,F,16.01,16.07,16.0,16.08,25503500.0
2015-04-16,F,16.040001,15.94,15.93,16.09,23494400.0
2015-04-17,F,15.88,15.76,15.71,15.88,32149000.0
2015-04-20,F,15.89,15.91,15.82,15.92,15250800.0
2015-04-21,F,15.92,15.82,15.76,15.98,18509500.0
2015-04-22,F,15.83,15.91,15.72,15.93,20312100.0
2015-04-23,F,15.84,15.76,15.7,15.9,28458000.0
2015-04-24,F,15.73,15.77,15.7,15.87,20293300.0
2015-04-27,F,15.82,15.9,15.77,16.0,34824900.0
2015-04-28,F,15.93,16.059999,15.77,16.08,56634200.0
2015-04-29,F,15.86,16.02,15.82,16.1,35126900.0
2015-04-30,F,15.97,15.8,15.74,16.040001,30269300.0
2015-05-01,F,15.9,15.81,15.7,15.94,20602200.0
2015-05-04,F,15.81,15.78,15.75,15.88,15078700.0
2015-05-05,F,15.77,15.53,15.52,15.82,32248900.0
2015-05-06,F,15.61,15.48,15.4,15.66,26381200.0
2015-05-07,F,15.46,15.51,15.14,15.56,26996600.0
2015-05-08,F,15.62,15.67,15.59,15.71,21336800.0
2015-05-11,F,15.65,15.65,15.64,15.84,17249800.0
2015-05-12,F,15.59,15.56,15.5,15.65,17670000.0
2015-05-13,F,15.54,15.41,15.37,15.62,20890400.0
2015-05-14,F,15.5,15.27,15.2,15.54,28794700.0
2015-05-15,F,15.27,15.48,15.27,15.49,18937700.0
2015-05-18,F,15.47,15.58,15.45,15.64,19491900.0
2015-05-19,F,15.59,15.5,15.45,15.63,15145300.0
2015-05-20,F,15.54,15.3,15.26,15.56,22391500.0
2015-05-21,F,15.28,15.51,15.26,15.55,23962000.0
2015-05-22,F,15.5,15.27,15.27,15.5,24795800.0
2015-05-26,F,15.27,15.19,15.15,15.34,25002900.0
2015-05-27,F,15.23,15.32,15.2,15.37,18763900.0
2015-05-28,F,15.28,15.29,15.24,15.34,13959000.0
2015-05-29,F,15.31,15.17,15.16,15.4,19060400.0
2015-06-01,F,15.33,15.36,15.19,15.45,26685300.0
2015-06-02,F,15.44,15.26,15.21,15.5,34974700.0
2015-06-03,F,15.29,15.2,15.12,15.32,24257500.0
2015-06-04,F,15.13,15.05,15.01,15.17,23428400.0
2015-06-05,F,15.02,14.78,14.78,15.02,44736900.0
2015-06-08,F,14.83,14.9,14.8,15.01,30240600.0
2015-06-09,F,14.92,14.88,14.84,15.01,20454700.0
2015-06-10,F,15.01,15.03,14.95,15.08,20961100.0
2015-06-11,F,15.11,15.28,15.08,15.35,27187100.0
2015-06-12,F,15.2,15.23,15.18,15.35,19847300.0
2015-06-15,F,15.06,15.05,14.97,15.11,23825400.0
2015-06-16,F,15.01,15.0,14.93,15.04,23359500.0
2015-06-17,F,15.01,15.02,14.86,15.08,25842100.0
2015-06-18,F,15.03,15.14,15.0,15.24,21360500.0
2015-06-19,F,15.09,15.11,15.06,15.25,24675100.0
2015-06-22,F,15.14,15.13,15.1,15.25,18863800.0
2015-06-23,F,15.23,15.29,15.22,15.41,21177800.0
2015-06-24,F,15.5,15.5,15.42,15.66,35401000.0
2015-06-25,F,15.52,15.44,15.39,15.56,23994400.0
2015-06-26,F,15.43,15.4,15.35,15.49,20428200.0
2015-06-29,F,15.23,15.02,14.92,15.3,38117400.0
2015-06-30,F,15.17,15.01,14.9,15.18,28509300.0
2015-07-01,F,15.14,14.99,14.8,15.17,31744500.0
2015-07-02,F,15.01,14.87,14.81,15.08,18482400.0
2015-07-06,F,14.75,14.79,14.7,14.9,22609800.0
2015-07-07,F,14.77,14.85,14.52,14.9,28151300.0
2015-07-08,F,14.67,14.37,14.27,14.72,42278500.0
2015-07-09,F,14.6,14.33,14.27,14.62,29203200.0
2015-07-10,F,14.48,14.48,14.35,14.54,20093600.0
2015-07-13,F,14.64,14.64,14.42,14.65,19864000.0
2015-07-14,F,14.71,14.81,14.59,14.86,20830700.0
2015-07-15,F,14.83,14.75,14.61,14.86,21892100.0
2015-07-16,F,14.74,14.57,14.45,14.79,33938900.0
2015-07-17,F,14.51,14.69,14.48,14.69,31718000.0
2015-07-20,F,14.71,14.57,14.53,14.75,25428200.0
2015-07-21,F,14.53,14.51,14.45,14.55,19334700.0
2015-07-22,F,14.49,14.42,14.35,14.51,30909700.0
2015-07-23,F,14.75,14.61,14.59,14.87,29440400.0
2015-07-24,F,14.72,14.39,14.32,14.73,26050900.0
2015-07-27,F,14.35,14.55,14.23,14.6,43857200.0
2015-07-28,F,14.96,14.83,14.6,15.0,56398500.0
2015-07-29,F,14.83,15.21,14.81,15.3,52125400.0
2015-07-30,F,15.21,15.1,14.96,15.3,34980300.0
2015-07-31,F,15.18,14.83,14.73,15.19,32654400.0
2015-08-03,F,14.97,14.94,14.85,15.04,26702300.0
2015-08-04,F,14.94,14.91,14.84,15.0,18845000.0
2015-08-05,F,14.99,14.8,14.72,15.04,22490000.0
2015-08-06,F,14.8,14.83,14.62,14.88,26811400.0
2015-08-07,F,14.85,14.8,14.75,14.92,14279200.0
2015-08-10,F,14.86,14.99,14.81,15.0,16804900.0
2015-08-11,F,14.8,14.7,14.61,14.8,26971300.0
2015-08-12,F,14.55,14.68,14.37,14.71,20864000.0
2015-08-13,F,14.64,14.71,14.59,14.85,20560700.0
2015-08-14,F,14.73,14.78,14.68,14.83,18398900.0
2015-08-17,F,14.76,14.68,14.57,14.77,16028300.0
2015-08-18,F,14.69,14.83,14.66,14.84,16853800.0
2015-08-19,F,14.78,14.77,14.76,14.98,22419200.0
2015-08-20,F,14.71,14.43,14.4,14.71,24108500.0
2015-08-21,F,14.29,13.86,13.84,14.38,42103400.0
2015-08-24,F,12.24,13.19,10.44,13.48,59805900.0
2015-08-25,F,13.85,12.9,12.9,13.86,47961800.0
2015-08-26,F,13.18,13.21,12.77,13.35,48377900.0
2015-08-27,F,13.46,13.56,13.23,13.67,42067900.0
2015-08-28,F,13.54,13.74,13.53,13.84,25699000.0
2015-08-31,F,13.76,13.87,13.51,13.94,38210300.0
2015-09-01,F,13.95,13.72,13.6,14.15,50482900.0
2015-09-02,F,13.99,13.87,13.63,14.0,29602800.0
2015-09-03,F,13.94,13.84,13.78,14.07,27560400.0
2015-09-04,F,13.68,13.56,13.4,13.7,31138400.0
2015-09-08,F,13.77,13.67,13.54,13.78,30030100.0
2015-09-09,F,13.81,13.53,13.47,13.84,30846300.0
2015-09-10,F,13.52,13.73,13.35,13.83,38696300.0
2015-09-11,F,13.75,13.71,13.53,13.81,22804500.0
2015-09-14,F,13.72,13.78,13.63,13.79,26093500.0
2015-09-15,F,13.8,14.31,13.79,14.37,46666700.0
2015-09-16,F,14.32,14.64,14.25,14.76,41675000.0
2015-09-17,F,14.61,14.6,14.46,14.88,37709000.0
2015-09-18,F,14.44,14.28,14.21,14.48,40712200.0
2015-09-21,F,14.2,14.32,14.15,14.43,20764100.0
2015-09-22,F,14.01,13.92,13.73,14.05,44081000.0
2015-09-23,F,13.93,13.68,13.51,13.95,31598400.0
2015-09-24,F,13.57,13.65,13.27,13.7,32462000.0
2015-09-25,F,13.87,13.53,13.51,13.87,35967400.0
2015-09-28,F,13.46,13.12,13.06,13.51,41124700.0
2015-09-29,F,13.14,13.15,13.01,13.21,44417400.0
2015-09-30,F,13.37,13.57,13.27,13.58,40205300.0
2015-10-01,F,13.76,13.67,13.47,13.78,33326900.0
2015-10-02,F,13.5,13.99,13.42,14.01,30097000.0
2015-10-05,F,14.12,14.19,13.9,14.27,38611900.0
2015-10-06,F,14.19,14.31,14.15,14.44,27045900.0
2015-10-07,F,14.49,14.75,14.46,14.75,33389600.0
2015-10-08,F,14.72,14.99,14.68,15.01,25994700.0
2015-10-09,F,15.03,14.97,14.82,15.1,29216500.0
2015-10-12,F,14.98,14.98,14.85,15.0,14372100.0
2015-10-13,F,14.88,14.94,14.83,15.1,30615400.0
2015-10-14,F,14.94,15.01,14.86,15.04,22314500.0
2015-10-15,F,15.2,15.22,14.99,15.23,27437600.0
2015-10-16,F,15.25,15.28,15.11,15.29,24240500.0
2015-10-19,F,15.23,15.36,15.15,15.36,17863000.0
2015-10-20,F,15.27,15.38,15.27,15.6,29037300.0
2015-10-21,F,15.6,15.41,15.35,15.69,34039800.0
2015-10-22,F,15.49,15.58,15.4,15.63,23484400.0
2015-10-23,F,15.71,15.67,15.49,15.75,28592800.0
2015-10-26,F,15.73,15.68,15.57,15.84,38062300.0
2015-10-27,F,15.01,14.89,14.8,15.15,64579700.0
2015-10-28,F,14.78,14.97,14.67,15.0,34485300.0
2015-10-29,F,14.94,14.73,14.61,14.96,32247000.0
2015-10-30,F,14.74,14.81,14.63,14.95,29225800.0
2015-11-02,F,14.79,14.75,14.71,14.9,30295900.0
2015-11-03,F,14.78,14.81,14.72,14.87,25878800.0
2015-11-04,F,14.83,14.65,14.64,14.86,27166400.0
2015-11-05,F,14.7,14.57,14.5,14.71,21877700.0
2015-11-06,F,14.51,14.52,14.38,14.55,24085700.0
2015-11-09,F,14.52,14.33,14.26,14.53,25257400.0
2015-11-10,F,14.33,14.28,14.14,14.34,22197200.0
2015-11-11,F,14.28,14.31,14.18,14.38,16893000.0
2015-11-12,F,14.21,14.04,14.02,14.27,20283700.0
2015-11-13,F,14.02,13.92,13.89,14.07,25482700.0
2015-11-16,F,13.85,14.04,13.85,14.08,22636000.0
2015-11-17,F,14.02,14.15,14.01,14.37,25188600.0
2015-11-18,F,14.23,14.46,14.18,14.5,26250400.0
2015-11-19,F,14.45,14.57,14.42,14.63,23593800.0
2015-11-20,F,14.62,14.6,14.54,14.76,18906200.0
2015-11-23,F,14.6,14.55,14.51,14.73,18273900.0
2015-11-24,F,14.41,14.55,14.32,14.63,21251800.0
2015-11-25,F,14.54,14.55,14.52,14.68,12627000.0
2015-11-27,F,14.54,14.53,14.5,14.59,7760600.0
2015-11-30,F,14.54,14.33,14.29,14.55,27860300.0
2015-12-01,F,14.32,14.56,14.29,14.56,29142200.0
2015-12-02,F,14.6,14.26,14.24,14.62,21398100.0
2015-12-03,F,14.31,13.98,13.93,14.34,29847300.0
2015-12-04,F,14.08,14.2,14.0,14.26,28354100.0
2015-12-07,F,14.19,14.12,14.02,14.2,14530600.0
2015-12-08,F,14.03,13.97,13.88,14.1,30356900.0
2015-12-09,F,13.91,13.89,13.8,14.14,25196900.0
2015-12-10,F,13.91,13.96,13.89,14.09,22025200.0
2015-12-11,F,13.84,13.64,13.58,13.92,29576400.0
2015-12-14,F,13.66,13.62,13.4,13.74,26825200.0
2015-12-15,F,13.74,13.87,13.72,14.0,43728500.0
2015-12-16,F,14.0,14.36,13.99,14.36,40683800.0
2015-12-17,F,14.37,13.98,13.95,14.38,26179800.0
2015-12-18,F,13.88,13.8,13.72,13.91,40453000.0
2015-12-21,F,13.89,13.73,13.67,13.95,31598000.0
2015-12-22,F,13.93,14.2,13.9,14.25,50646600.0
2015-12-23,F,14.27,14.36,14.26,14.38,22172300.0
2015-12-24,F,14.35,14.31,14.25,14.37,9000100.0
2015-12-28,F,14.28,14.18,14.16,14.34,13697500.0
2015-12-29,F,14.28,14.23,14.15,14.3,18867800.0
2015-12-30,F,14.23,14.17,14.12,14.26,13800300.0
2015-12-31,F,14.14,14.09,14.04,14.16,19834600.0
2016-01-04,F,13.87,13.97,13.75,14.0,38618500.0
2016-01-05,F,13.97,13.72,13.51,14.0,50267500.0
2016-01-06,F,13.56,13.11,13.05,13.56,61285500.0
2016-01-07,F,12.9,12.7,12.6,13.04,57846700.0
2016-01-08,F,13.05,12.54,12.5,13.1,46199400.0
2016-01-11,F,12.8,12.77,12.55,12.82,41269100.0
2016-01-12,F,13.03,12.85,12.58,13.04,50983700.0
2016-01-13,F,12.73,12.2,12.06,12.84,102174700.0
2016-01-14,F,12.19,12.19,11.82,12.31,62938600.0
2016-01-15,F,11.81,11.97,11.58,12.0,68051700.0
2016-01-19,F,12.15,11.95,11.82,12.16,41142600.0
2016-01-20,F,11.79,11.9,11.47,12.07,59879000.0
2016-01-21,F,12.01,12.01,11.86,12.28,48841800.0
2016-01-22,F,12.26,12.14,12.03,12.36,44537800.0
2016-01-25,F,12.3,11.98,11.93,12.31,96738600.0
2016-01-26,F,12.14,12.26,12.04,12.3,45969800.0
2016-01-27,F,12.05,11.85,11.73,12.1,42064200.0
2016-01-28,F,12.03,11.71,11.2,12.06,75699800.0
2016-01-29,F,11.83,11.94,11.65,11.94,52137400.0
2016-02-01,F,11.92,12.07,11.73,12.14,37301200.0
2016-02-02,F,11.95,11.51,11.45,12.08,55649200.0
2016-02-03,F,11.67,11.46,11.02,11.68,69454600.0
2016-02-04,F,11.37,11.53,11.26,11.69,40223100.0
2016-02-05,F,11.52,11.45,11.42,11.7,33322200.0
2016-02-08,F,11.39,11.59,11.25,11.69,45274500.0
2016-02-09,F,11.47,11.35,11.22,11.61,48956800.0
2016-02-10,F,11.46,11.34,11.33,11.57,38160300.0
2016-02-11,F,11.17,11.17,11.1,11.43,45801300.0
2016-02-12,F,11.25,11.55,11.18,11.58,28085000.0
2016-02-16,F,11.75,11.87,11.53,11.88,41072100.0
2016-02-17,F,11.99,12.27,11.98,12.3,37766400.0
2016-02-18,F,12.4,12.26,12.12,12.44,28784700.0
2016-02-19,F,12.19,12.1,12.01,12.22,26479300.0
2016-02-22,F,12.1,12.56,12.1,12.56,33549700.0
2016-02-23,F,12.53,12.42,12.42,12.65,30136700.0
2016-02-24,F,12.11,12.08,11.6,12.11,60608400.0
2016-02-25,F,12.11,12.39,12.05,12.4,32024800.0
2016-02-26,F,12.52,12.47,12.4,12.59,30228800.0
2016-02-29,F,12.42,12.51,12.39,12.65,32999100.0
2016-03-01,F,13.01,13.09,12.72,13.12,71523900.0
2016-03-02,F,13.06,13.22,13.04,13.35,36598200.0
2016-03-03,F,13.25,13.54,13.24,13.61,44524500.0
2016-03-04,F,13.56,13.59,13.43,13.86,31818600.0
2016-03-07,F,13.46,13.62,13.45,13.74,26131400.0
2016-03-08,F,13.51,13.23,13.15,13.58,34770600.0
2016-03-09,F,13.25,13.19,13.01,13.32,34146200.0
2016-03-10,F,13.25,13.15,12.92,13.28,39076500.0
2016-03-11,F,13.26,13.29,13.2,13.3,27583000.0
2016-03-14,F,13.28,13.27,13.18,13.37,20609600.0
2016-03-15,F,13.12,13.23,13.05,13.24,27729900.0
2016-03-16,F,13.21,13.5,13.18,13.51,47035000.0
2016-03-17,F,13.47,13.47,13.39,13.68,31521700.0
2016-03-18,F,13.54,13.64,13.49,13.7,32182400.0
2016-03-21,F,13.64,13.66,13.56,13.76,20905200.0
2016-03-22,F,13.65,13.59,13.51,13.73,26148000.0
2016-03-23,F,13.57,13.26,13.19,13.61,31535500.0
2016-03-24,F,13.11,13.06,12.78,13.12,36203200.0
2016-03-28,F,13.13,13.09,13.07,13.17,18684200.0
2016-03-29,F,13.05,13.2,12.97,13.2,26077400.0
2016-03-30,F,13.28,13.35,13.25,13.44,25322500.0
2016-03-31,F,13.34,13.5,13.34,13.52,32943400.0
2016-04-01,F,13.28,13.1,13.05,13.33,57914000.0
2016-04-04,F,13.11,12.8,12.76,13.12,42406300.0
2016-04-05,F,12.73,12.77,12.52,12.85,32425000.0
2016-04-06,F,12.75,12.82,12.65,12.87,22597400.0
2016-04-07,F,12.77,12.52,12.39,12.79,37688100.0
2016-04-08,F,12.62,12.55,12.51,12.78,20015300.0
2016-04-11,F,12.61,12.66,12.58,12.8,27744800.0
2016-04-12,F,12.72,12.81,12.66,12.84,23417000.0
2016-04-13,F,12.87,13.06,12.85,13.12,29331100.0
2016-04-14,F,13.09,13.09,13.02,13.18,22453700.0
2016-04-15,F,13.1,12.94,12.85,13.12,22986100.0
2016-04-18,F,12.98,13.25,12.95,13.28,30091900.0
2016-04-19,F,13.35,13.44,13.28,13.5,28808300.0
2016-04-20,F,13.42,13.64,13.4,13.72,32199000.0
2016-04-21,F,13.81,13.65,13.56,13.88,38126300.0
2016-04-22,F,13.63,13.61,13.51,13.78,28846300.0
2016-04-25,F,13.59,13.58,13.47,13.65,19494800.0
2016-04-26,F,13.66,13.75,13.63,13.82,35214200.0
2016-04-27,F,13.64,13.66,13.59,13.71,27151400.0
2016-04-28,F,13.79,14.09,13.71,14.22,87588800.0
2016-04-29,F,13.93,13.56,13.53,14.03,69695100.0
2016-05-02,F,13.67,13.62,13.6,13.79,57955400.0
2016-05-03,F,13.5,13.43,13.15,13.55,45432200.0
2016-05-04,F,13.29,13.31,13.14,13.38,28895000.0
2016-05-05,F,13.35,13.32,13.22,13.43,23838100.0
2016-05-06,F,13.26,13.44,13.24,13.48,23234500.0
2016-05-09,F,13.42,13.32,13.28,13.5,21602000.0
2016-05-10,F,13.38,13.49,13.38,13.52,23583400.0
2016-05-11,F,13.44,13.32,13.3,13.54,20229600.0
2016-05-12,F,13.4,13.35,13.17,13.47,24784300.0
2016-05-13,F,13.34,13.22,13.17,13.52,27481900.0
2016-05-16,F,13.22,13.32,13.21,13.38,21262700.0
2016-05-17,F,13.14,13.14,13.07,13.31,34165300.0
2016-05-18,F,13.12,13.16,13.05,13.34,23509700.0
2016-05-19,F,13.1,13.09,13.02,13.2,24117800.0
2016-05-20,F,13.15,13.19,13.13,13.26,19465000.0
2016-05-23,F,13.14,13.13,13.11,13.2,16234300.0
2016-05-24,F,13.16,13.29,13.16,13.3,19721600.0
2016-05-25,F,13.33,13.52,13.33,13.6,26188300.0
2016-05-26,F,13.59,13.46,13.37,13.68,18369900.0
2016-05-27,F,13.48,13.45,13.4,13.54,17068800.0
2016-05-31,F,13.49,13.49,13.4,13.56,26096000.0
2016-06-01,F,13.43,13.11,12.97,13.44,58219600.0
2016-06-02,F,13.09,13.21,13.05,13.32,41614600.0
2016-06-03,F,13.14,13.04,12.9,13.14,39762700.0
2016-06-06,F,13.08,13.18,13.04,13.21,25588700.0
2016-06-07,F,13.23,13.38,13.18,13.45,27656900.0
2016-06-08,F,13.45,13.36,13.35,13.49,18084800.0
2016-06-09,F,13.26,13.26,13.14,13.3,19873800.0
2016-06-10,F,13.17,13.1,13.05,13.25,27382700.0
2016-06-13,F,13.07,12.98,12.96,13.13,20745800.0
2016-06-14,F,12.99,12.84,12.76,13.07,30546000.0
2016-06-15,F,12.91,13.01,12.88,13.16,25829700.0
2016-06-16,F,12.93,13.12,12.85,13.14,26581200.0
2016-06-17,F,13.16,13.26,13.15,13.4,37364900.0
2016-06-20,F,13.39,13.42,13.39,13.55,29666700.0
2016-06-21,F,13.44,13.22,13.18,13.44,36721800.0
2016-06-22,F,13.23,13.18,13.15,13.31,20666600.0
2016-06-23,F,13.29,13.4,13.28,13.41,24579700.0
2016-06-24,F,12.79,12.52,12.45,12.91,96887300.0
2016-06-27,F,12.43,12.16,12.0,12.43,52731800.0
2016-06-28,F,12.42,12.39,12.21,12.44,40640400.0
2016-06-29,F,12.49,12.55,12.36,12.58,31937900.0
2016-06-30,F,12.56,12.57,12.26,12.57,44983800.0
2016-07-01,F,12.88,12.72,12.69,12.89,45067800.0
2016-07-05,F,12.57,12.4,12.31,12.59,30243300.0
2016-07-06,F,12.32,12.57,12.21,12.58,35091200.0
2016-07-07,F,12.57,12.75,12.57,12.84,33473000.0
2016-07-08,F,12.89,13.09,12.89,13.17,45945200.0
2016-07-11,F,13.17,13.27,13.13,13.33,28626300.0
2016-07-12,F,13.38,13.45,13.38,13.54,31320100.0
2016-07-13,F,13.49,13.48,13.31,13.51,26779800.0
2016-07-14,F,13.57,13.59,13.55,13.7,31803000.0
2016-07-15,F,13.63,13.57,13.53,13.67,19546300.0
2016-07-18,F,13.56,13.65,13.42,13.68,22545800.0
2016-07-19,F,13.56,13.65,13.5,13.72,26183400.0
2016-07-20,F,13.61,13.74,13.56,13.78,22588900.0
2016-07-21,F,13.87,13.92,13.86,14.04,40574400.0
2016-07-22,F,13.92,13.84,13.71,13.93,25134100.0
2016-07-25,F,13.86,13.83,13.76,13.95,26248500.0
2016-07-26,F,13.73,13.86,13.69,13.88,28467200.0
2016-07-27,F,13.86,13.84,13.75,13.99,34625500.0
2016-07-28,F,12.78,12.71,12.45,12.86,142168600.0
2016-07-29,F,12.61,12.66,12.6,12.88,59754100.0
2016-08-01,F,12.61,12.48,12.4,12.62,51963100.0
2016-08-02,F,12.35,11.94,11.9,12.36,101624900.0
2016-08-03,F,12.02,12.13,11.94,12.2,47323300.0
2016-08-04,F,12.12,12.08,12.05,12.23,38443200.0
2016-08-05,F,12.16,12.19,12.16,12.26,31219500.0
2016-08-08,F,12.22,12.18,12.15,12.33,33310600.0
2016-08-09,F,12.16,12.31,12.15,12.38,30097800.0
2016-08-10,F,12.3,12.25,12.23,12.36,24555800.0
2016-08-11,F,12.31,12.31,12.26,12.37,24987300.0
2016-08-12,F,12.29,12.33,12.25,12.37,18816900.0
2016-08-15,F,12.37,12.43,12.36,12.44,16371100.0
2016-08-16,F,12.35,12.34,12.33,12.43,20450100.0
2016-08-17,F,12.33,12.39,12.23,12.39,23434500.0
2016-08-18,F,12.33,12.33,12.27,12.36,23629500.0
2016-08-19,F,12.3,12.39,12.25,12.41,21891400.0
2016-08-22,F,12.35,12.36,12.29,12.38,22458400.0
2016-08-23,F,12.4,12.42,12.33,12.43,34634100.0
2016-08-24,F,12.41,12.3,12.28,12.44,19999600.0
2016-08-25,F,12.3,12.47,12.21,12.52,44713700.0
2016-08-26,F,12.47,12.38,12.34,12.55,22645900.0
2016-08-29,F,12.38,12.47,12.38,12.5,22243200.0
2016-08-30,F,12.47,12.55,12.43,12.56,26040400.0
2016-08-31,F,12.48,12.6,12.48,12.61,26030600.0
2016-09-01,F,12.66,12.44,12.35,12.72,40510400.0
2016-09-02,F,12.53,12.5,12.46,12.57,21079800.0
2016-09-06,F,12.49,12.67,12.43,12.67,36098900.0
2016-09-07,F,12.62,12.7,12.62,12.75,22879100.0
2016-09-08,F,12.5,12.73,12.5,12.75,34017900.0
2016-09-09,F,12.61,12.38,12.38,12.69,35733600.0
2016-09-12,F,12.32,12.7,12.28,12.77,42690200.0
2016-09-13,F,12.53,12.38,12.33,12.68,56549100.0
2016-09-14,F,12.18,12.14,12.11,12.31,62450600.0
2016-09-15,F,12.14,12.11,12.06,12.18,57334800.0
2016-09-16,F,12.05,12.11,12.01,12.13,26271600.0
2016-09-19,F,12.12,12.11,12.06,12.33,41175500.0
2016-09-20,F,12.09,12.0,11.96,12.19,37820800.0
2016-09-21,F,12.08,12.09,12.01,12.11,32934600.0
2016-09-22,F,12.17,12.18,12.16,12.29,36136200.0
2016-09-23,F,12.12,12.17,12.12,12.22,18993500.0
2016-09-26,F,12.12,12.01,12.0,12.12,26758600.0
2016-09-27,F,12.02,11.98,11.93,12.09,28965800.0
2016-09-28,F,12.02,12.09,11.96,12.09,29341500.0
2016-09-29,F,12.03,11.97,11.95,12.12,23397400.0
2016-09-30,F,12.0,12.07,11.99,12.14,34903800.0
2016-10-03,F,12.06,12.1,12.02,12.15,20683100.0
2016-10-04,F,12.11,12.2,12.09,12.25,23948700.0
2016-10-05,F,12.22,12.48,12.22,12.53,55529100.0
2016-10-06,F,12.43,12.39,12.33,12.51,25880900.0
2016-10-07,F,12.39,12.29,12.2,12.42,22093200.0
2016-10-10,F,12.35,12.12,12.1,12.38,24951400.0
2016-10-11,F,12.17,11.99,11.91,12.17,40053500.0
2016-10-12,F,12.0,11.96,11.94,12.01,20627000.0
2016-10-13,F,11.91,11.91,11.69,11.91,39904200.0
2016-10-14,F,11.96,11.91,11.89,12.0,25775700.0
2016-10-17,F,11.91,11.88,11.88,12.0,19875000.0
2016-10-18,F,11.92,11.89,11.71,11.93,39911300.0
2016-10-19,F,11.89,12.01,11.88,12.05,26094000.0
2016-10-20,F,12.02,11.97,11.9,12.03,18116000.0
2016-10-21,F,11.93,12.02,11.85,12.04,24364200.0
2016-10-24,F,12.06,12.19,12.06,12.2,33733600.0
2016-10-25,F,12.05,11.85,11.76,12.1,42486000.0
2016-10-26,F,11.8,11.88,11.76,11.93,36219900.0
2016-10-27,F,11.81,11.74,11.6,11.83,48402000.0
2016-10-28,F,11.74,11.72,11.63,11.85,37142400.0
2016-10-31,F,11.75,11.74,11.69,11.81,31898400.0
2016-11-01,F,11.78,11.61,11.5,11.84,35613600.0
2016-11-02,F,11.51,11.4,11.36,11.56,36229400.0
2016-11-03,F,11.39,11.35,11.27,11.46,38651500.0
2016-11-04,F,11.31,11.34,11.3,11.5,24752400.0
2016-11-07,F,11.52,11.58,11.39,11.62,25120700.0
2016-11-08,F,11.5,11.48,11.35,11.51,28456100.0
2016-11-09,F,11.15,11.58,11.07,11.63,60625700.0
2016-11-10,F,11.58,11.94,11.58,11.98,52756500.0
2016-11-11,F,11.88,12.28,11.84,12.4,79135100.0
2016-11-14,F,12.27,12.06,12.02,12.5,56109900.0
2016-11-15,F,12.06,12.04,11.95,12.14,31498500.0
2016-11-16,F,12.0,12.0,11.92,12.05,25195500.0
2016-11-17,F,11.9,11.87,11.78,11.96,38502500.0
2016-11-18,F,11.87,11.76,11.73,11.9,30662000.0
2016-11-21,F,11.77,11.79,11.77,11.9,19508600.0
2016-11-22,F,11.76,11.89,11.73,11.91,24274700.0
2016-11-23,F,11.9,11.9,11.85,12.0,22414000.0
2016-11-25,F,11.95,12.04,11.93,12.06,11439600.0
2016-11-28,F,12.02,11.92,11.89,12.05,24407200.0
2016-11-29,F,11.93,11.92,11.87,12.0,23690800.0
2016-11-30,F,11.97,11.96,11.92,12.14,47646200.0
2016-12-01,F,12.23,12.43,12.18,12.8,95143600.0
2016-12-02,F,12.58,12.24,12.15,12.58,38689800.0
2016-12-05,F,12.31,12.44,12.29,12.5,36220000.0
2016-12-06,F,12.4,12.56,12.37,12.59,23923900.0
2016-12-07,F,12.59,13.06,12.54,13.15,58600400.0
2016-12-08,F,13.07,13.03,12.97,13.15,41459500.0
2016-12-09,F,13.0,13.17,12.91,13.2,45256100.0
2016-12-12,F,13.08,12.82,12.81,13.1,39596800.0
2016-12-13,F,12.84,12.77,12.75,12.88,39570500.0
2016-12-14,F,12.65,12.53,12.5,12.79,42820100.0
2016-12-15,F,12.54,12.58,12.52,12.72,23774800.0
2016-12-16,F,12.66,12.63,12.56,12.7,28354900.0
2016-12-19,F,12.59,12.66,12.59,12.8,22830000.0
2016-12-20,F,12.7,12.78,12.68,12.82,17834000.0
2016-12-21,F,12.73,12.64,12.64,12.77,18117100.0
2016-12-22,F,12.63,12.4,12.4,12.64,27821100.0
2016-12-23,F,12.43,12.46,12.36,12.46,15621200.0
2016-12-27,F,12.43,12.39,12.36,12.51,19467400.0
2016-12-28,F,12.37,12.25,12.22,12.45,26875400.0
2016-12-29,F,12.25,12.23,12.22,12.31,19819100.0
2016-12-30,F,12.24,12.13,12.08,12.28,27405700.0
